,page,raw_data
0,Plan2Achieve,"
74
74
68次分享
讚好
回應
分享
0個回應
⁠
回應……
請按 Enter 鍵發佈。
其他帖子
"
1,Plan2Achieve,"
2020年9月21日
  ·
8
8
1 次分享
讚好
回應
分享
0個回應
⁠
回應……
請按 Enter 鍵發佈。
"
2,Plan2Achieve,"
2020年9月20日
  ·
27
27
6次分享
讚好
回應
分享
0個回應
⁠
回應……
請按 Enter 鍵發佈。
"
3,Plan2Achieve,"
2020年9月15日
  ·
2
2
1 個回應
讚好
回應
分享
1 個回應
最相關
⁠
回應……
請按 Enter 鍵發佈。
作者
"
4,Plan2Achieve,"
反面教材
讚好
 · 回覆 · 46星期
"
5,Plan2Achieve,"
2020年8月6日
  ·
45
45
70次分享
讚好
回應
分享
1 個回應
最相關
⁠
回應……
請按 Enter 鍵發佈。
"
6,Plan2Achieve,"
2020年7月22日
  ·
9
9
讚好
回應
分享
0個回應
⁠
回應……
請按 Enter 鍵發佈。
"
7,Plan2Achieve,"
2020年6月5日
  ·
57
57
21次分享
讚好
回應
分享
0個回應
⁠
回應……
請按 Enter 鍵發佈。
"
8,Plan2Achieve,"
2020年5月19日
  ·
eye4gift.com
2020年5月10日
  ·
【你的夢想夠大嗎？】
如果你的夢想沒有把你自己嚇到，
那它們太小了。
If your dreams don't scare you,
they are too small.⋯⋯ 查看更多
3
3
讚好
回應
分享
0個回應
⁠
回應……
請按 Enter 鍵發佈。
"
9,Plan2Achieve,"
2020年5月3日
  ·
【Elon Musk 談第一原理和冒險】
Tesla 從來不花錢賣廣告，為什麼？
Elon Musk 演繹第一原理和冒險精神，教我們如何讓這紛亂和複雜的世界，變得簡單。
6
6
6次分享
讚好
回應
分享
0個回應
⁠
回應……
請按 Enter 鍵發佈。"
10,Plan2Achieve,"
2020年5月3日
  ·
【Elon Musk 談第一原理和冒險】
Tesla 從來不花錢賣廣告，為什麼？
Elon Musk 演繹第一原理和冒險精神，教我們如何讓這紛亂和複雜的世界，變得簡單。
6
6
6次分享
讚好
回應
分享
0個回應
⁠
回應……
請按 Enter 鍵發佈。
"
11,Plan2Achieve,"
2020年4月9日
  ·
這是2006年的Rocky Balboa 電影 ""洛奇：拳王再臨"" 裏經典的一幕:
Rocky對他兒子說: 「讓我告訴你一件你早就知道的事情。 這世界不是一直都是陽光和彩虹， 它是個非常無情、邪惡的地方， 如果你為人軟弱的話， 它會將你擊倒並且讓你永遠無法再次振作。
沒有拳擊手的攻擊可以像人生考驗一樣地嚴峻， 但是人生不在於你出拳出的多有力， 而是在於你能承受多重的考驗以及能接受多少的挑戰，一樣能不斷向前邁進， 這才是成功之道。
如果你瞭解了自己的人生價值，就去爭取， 但是你必須要願意接受考驗， 而不是用手指頭責怪他人，說你辦不到都是因為他、她或任何人。 只有懦夫才會這樣做， 而你不是， 你遠比懦夫好得多了。」
34
34
2個回應
20次分享
讚好
回應
分享
2個回應
最相關
⁠
回應……
請按 Enter 鍵發佈。
Adrian Lee
這應該是2006年的Rocky Balboa ""洛奇:拳王再臨"" ...不是1976年的Rocky ""洛奇""
讚好
 · 回覆 · 1年
作者
"
12,Plan2Achieve,"
Adrian Lee 感謝提醒
讚好
 · 回覆 · 1年
"
13,Plan2Achieve,"
2020年4月6日
  ·
focused on your goal
photo:網絡
30
30
1 次分享
讚好
回應
分享
0個回應
⁠
回應……
請按 Enter 鍵發佈。
"
14,Plan2Achieve,"
2020年3月13日
  ·
今天就採取行動，不要讓自己將來後悔！
54
54
2個回應
30次分享
讚好
回應
分享
2個回應
最相關
⁠
回應……
請按 Enter 鍵發佈。
李竹子
-主，冇永生。
讚好
 · 回覆 · 1年
查看另 1 則回應
"
15,Plan2Achieve,"
2020年3月13日
  ·
80秒的愛頻導-80s LoveChannel
2020年3月13日
  ·
勇敢尋夢,突破自我
來源:網絡
29
29
16次分享
讚好
回應
分享
0個回應
⁠
回應……
請按 Enter 鍵發佈。
"
16,Plan2Achieve,"
2020年3月7日
  ·
人生不設限
NIUSNEWS.COM
93歲正青春！德國體操阿嬤字典裡沒有極限，高難度動作破世界紀錄 | 生活發現 | 妞新聞 niusnews
81
81
14次分享
讚好
回應
分享
0個回應
⁠
回應……
請按 Enter 鍵發佈。
"
17,Plan2Achieve,"
2020年3月7日
  ·
一路書香
2020年3月7日
  ·
85
85
19次分享
讚好
回應
分享
0個回應
⁠
回應……
請按 Enter 鍵發佈。
"
18,Plan2Achieve,"
2020年2月2日
  ·
80秒的愛頻導-80s LoveChannel
2020年2月1日
  ·
資料來源:加里.維納查克
52
52
5次分享
讚好
回應
分享
0個回應
⁠
回應……
請按 Enter 鍵發佈。"
19,Plan2Achieve,"
2020年3月7日
  ·
一路書香
2020年3月7日
  ·
85
85
19次分享
讚好
回應
分享
0個回應
⁠
回應……
請按 Enter 鍵發佈。
"
20,Plan2Achieve,"
2020年2月2日
  ·
80秒的愛頻導-80s LoveChannel
2020年2月1日
  ·
資料來源:加里.維納查克
52
52
5次分享
讚好
回應
分享
0個回應
⁠
回應……
請按 Enter 鍵發佈。
"
21,Plan2Achieve,"
2019年7月13日
  ·
永不放棄！
NEWS.MINGPAO.COM
【文憑試】聖保羅失明生獲佳績：我還有耳朵，會比其他人更用心更叻 (14:01) - 20160713 - 港聞
96
96
1 個回應
12次分享
讚好
回應
分享
1 個回應
最相關
⁠
回應……
請按 Enter 鍵發佈。
Dicky Chiu
佩服
讚好
 · 回覆 · 2年
"
22,Plan2Achieve,"
2019年5月29日
  ·
沒有飛翔的勇氣，有翼亦無用
14
14
14次分享
讚好
回應
分享
0個回應
⁠
回應……
請按 Enter 鍵發佈。
"
23,Plan2Achieve,"
2019年5月27日
  ·
24
24
1 次分享
讚好
回應
分享
0個回應
⁠
回應……
請按 Enter 鍵發佈。
"
24,Plan2Achieve,"
2019年4月17日
  ·
《淪落人》作為新晉導演陳小娟的首部長篇作品，的確獲得了相當不錯的成績，除了在全球各大影展頻頻獲獎，更在今屆金像獎榮獲新晉導演。
陳小娟第一部長篇作品《淪落人》獲得如此好成績並不意外，但小娟未在電影界追夢前，其實是在銀行界打拚﹑高薪厚職的尖子。小娟從小到大都是高材生，會考4A4B，高考成績2A3B，畢業於中文大學環球商業系，更受聘在銀行當管理培訓生，「錢途」一片光明。不過，小娟一直有個電影夢，她的目標是當導演。結果儲夠生活費後，便毅然轉行，去修讀電影電視系碩士。
HK01.COM | 作者：香港01
【金像獎新晉導演】陳小娟父親拋妻棄女　發奮讀書安頓家庭再追夢
《淪落人》作為新晉導演陳小娟的首部長篇作品，的確獲得了相當不錯的成績，除了在全球各大影展頻頻獲獎，更在今屆金像獎榮獲新晉導演。但原來導演陳小娟現實中的身世亦很令人痛心，小時候爸爸厭棄她是女兒狠心拋妻棄...
153
153
27次分享
讚好
回應
分享
0個回應
⁠
回應……
請按 Enter 鍵發佈。
"
25,Plan2Achieve,"
2019年4月15日
  ·
68歲創業不怕遲，只用一碗燉蛋贏得米芝蓮！
新聞及媒體網站
BusinessFocus
863,063人讚好這個專頁
讚好這專頁
BusinessFocus
2019年4月1日
  ·
【香港製造】68歲創業不怕遲，只用一碗燉蛋贏得米芝蓮！即Like「BusinessFocus」，深入了解全球商業投資世界！
26
26
15次分享
讚好
回應
分享
0個回應
⁠
回應……
請按 Enter 鍵發佈。
"
26,Plan2Achieve,"
2019年3月24日
  ·
24
24
5次分享
讚好
回應
分享
0個回應
⁠
回應……
請按 Enter 鍵發佈。
"
27,Plan2Achieve,"
2019年1月1日
  ·
祝大家在新的一年，無論拿到什麼「牌」，都能打出一手好牌...
17
17
8次分享
讚好
回應
分享
0個回應
⁠
回應……
請按 Enter 鍵發佈。"
28,Plan2Achieve,"
2019年1月1日
  ·
祝大家在新的一年，無論拿到什麼「牌」，都能打出一手好牌...
17
17
8次分享
讚好
回應
分享
0個回應
⁠
回應……
請按 Enter 鍵發佈。
"
29,Plan2Achieve,"
2018年12月16日
  ·
澳洲阿德萊德（Adelaide）一名102歲的婆婆近日創下年紀最大的跳降落傘世界紀錄，她替一個關注運動神經細胞疾病（motor neuron disease）的慈善機構籌款，勇敢從1.4萬呎（4,300米）高空跳下來，證明年齡不是問題。
102歲的奧謝（Irene O'Shea）在剛過去的周日下午，在50位親友面前跳傘。今次已是奧謝第三次跳傘，她成功着陸後，稱自己沒有感到恐懼，並說道：「我感覺很『正常』，與上次沒有分別，我的搭擋和機上的年輕人都跟上次一樣。」奧謝又補充說：「上面的天空很清，天氣也很好，但真的很冷。」
奧謝在2016年慶祝100歲生日時首次跳傘，1年後她又再創下壯舉，當時成為了最年長的女跳傘員，她今次以102歲零194天打破了年紀最大的跳降傘世界紀錄。
HK.NEWS.APPLEDAILY.COM
【老而彌堅】高空逾萬呎跳傘為籌款 102歲婆婆破世界紀錄
澳洲阿德萊德（Adelaide）一名102歲的婆婆近日創下年紀最大的跳降落傘世界紀錄，她替一個關注運動神經細胞疾病（motor neuron disease）的慈善機構籌款，勇敢從1.4萬呎（4,300米）高空跳下來，證明年齡不是問題。...
40
40
11次分享
讚好
回應
分享
1 個回應
最相關
⁠
回應……
請按 Enter 鍵發佈。
"
30,Plan2Achieve,"
2018年11月21日
  ·
著名的「失敗者」
65
65
131次分享
讚好
回應
分享
0個回應
⁠
回應……
請按 Enter 鍵發佈。
"
31,Plan2Achieve,"
2018年11月14日
  ·
今早收到一位印巴籍朋友轉發給我的一段影片，片長雖然是三分幾鐘，但帶出的訊息很有意思...
片中說印度有一間旅館，會讓那些生命走到最後一程的人入住這裡兩個禮拜，讓他們好好待在這裡，面對人生最後的時刻，但假如他們在兩個星期內仍活著，就會被要求離開旅館。
片中那位年青人因好奇並前往這裡待了兩星期，訪問了很多人，帶出一個很有意義的訊息：「Resolve all conflicts before you go 」, 這個訊息提醒了我們仍然活著的人，什麼是我們這一生更需要關注的事情。傳統上，我們認為自己來到這世界是要追求事業上的成就，財富上的豐盛，關係上的幸福，但當我們走過這一生的時候，往往可能發現，我們只是透過這些生命中相遇的人和事，進行一場漫長的療癒之旅，放下要放下的，原諒你要原諒的，完滿這一生，生命才可以綻放.....活出你的夢想
8
8
6次分享
讚好
回應
分享
0個回應
⁠
回應……
請按 Enter 鍵發佈。
"
32,Plan2Achieve,"
2018年11月14日
  ·
80秒的愛頻導-80s LoveChannel
2018年11月14日
  ·
現今社會的人過於看重失敗，但其實失敗並不可怕，只要我們能在失敗中找教訓，相信大家距離成功不遠了！
35
35
6次分享
讚好
回應
分享
0個回應
⁠
回應……
請按 Enter 鍵發佈。
"
33,Plan2Achieve,"
2018年11月12日
  ·
今早看見德蘭修女的一句名言：「I alone cannot change the world, but I can cast a stone across the waters to create many ripples」....感到有意思，想跟大家分享.....雖然我們平常的努力未必能改變這個世界，然而你所做的一切，已經在這個世上制造了一些「迴響」，為你的努力
，繼續加油....
70
70
1 個回應
97次分享
讚好
回應
分享
1 個回應
最相關
⁠
回應……
請按 Enter 鍵發佈。
Maria S M Chan
Amen
讚好
 · 回覆 · 2年
"
34,Plan2Achieve,"
2018年11月11日
  ·
The Everley Brothers  - All I Have To Do Is Dream (1958)
Drea-ea-ea-ea-eam, dream, dream, dream
Drea-ea-ea-ea-eam, dream, dream, dream
When I want you in my arms⋯⋯ 查看更多
77
77
1 個回應
151次分享
讚好
回應
分享
1 個回應
最相關
⁠
回應……
請按 Enter 鍵發佈。
Pinky Yiu
沒有任何電腦修飾的悅耳歌聲
讚好
 · 回覆 · 1年
"
35,Plan2Achieve,"
2018年11月10日
  ·
HKU SPACE Business
2018年11月10日
  ·
【堅持認真把事情做好的信念，是否過時？】
今時今日是數碼年代，很多事情我們都追求「快」！「快」！同埋「更快」！質素卻是其次？究竟堅持認真把事情做好的信念是否過時？最近看人氣旅遊節目主持人周奕瑋的訪問，見到他成功背後的努力和預備功夫都是藉得的。當有預備的人遇上機會，就有成功的可能。周奕瑋的信念 —『沮喪時不要懷疑自己』⋯⋯ 查看更多
TOPICK.HKET.COM
TOPick柴犬出動 - 由窮學生到日本旅遊節目人氣主持　《周遊東京2》周奕瑋仍進修日語　 - 香港經濟日報 - TOPick - 休閒
102
102
23次分享
讚好
回應
分享
0個回應
⁠
回應……
請按 Enter 鍵發佈。
"
36,Plan2Achieve,"
2018年11月9日
  ·
尋夢路上總會遇上這些好朋友，他們總會給你學習，讓你成長，令你刻骨銘心.....而這就是人生 
28
28
76次分享
讚好
回應
分享
0個回應
⁠
回應……
請按 Enter 鍵發佈。
"
37,Plan2Achieve,"
2018年11月8日
  ·
【KO 你的不是環境，而是你自己】
今早我 Coach 了一個年青人，他在即將成功之前就想 KO 自己，為什麼他會這樣做？不是他沒有堅持，而是他像這幅插圖內的人一樣，看不到事情的全部，他活在自己的「假設」之中，也可以說是活在自己的「世界」中。
他在缺乏全面資訊的情況下，就認為自己追求的目標是不設實際，然而在傾談了40 多分鐘後，他開始明白問題並不是「目標是否實際」，而是自己對「進度」有過度的期望，當他看見自己思路上的「盲點」後，現在他內心踏實了，也看見更多的可能性，繼續前進....⋯⋯ 查看更多
40
40
17次分享
讚好
回應
分享
0個回應
⁠
回應……
請按 Enter 鍵發佈。"
38,Plan2Achieve,"
2018年11月10日
  ·
HKU SPACE Business
2018年11月10日
  ·
【堅持認真把事情做好的信念，是否過時？】
今時今日是數碼年代，很多事情我們都追求「快」！「快」！同埋「更快」！質素卻是其次？究竟堅持認真把事情做好的信念是否過時？最近看人氣旅遊節目主持人周奕瑋的訪問，見到他成功背後的努力和預備功夫都是藉得的。當有預備的人遇上機會，就有成功的可能。周奕瑋的信念 —『沮喪時不要懷疑自己』⋯⋯ 查看更多
TOPICK.HKET.COM
TOPick柴犬出動 - 由窮學生到日本旅遊節目人氣主持　《周遊東京2》周奕瑋仍進修日語　 - 香港經濟日報 - TOPick - 休閒
102
102
23次分享
讚好
回應
分享
0個回應
⁠
回應……
請按 Enter 鍵發佈。
"
39,Plan2Achieve,"
2018年11月9日
  ·
尋夢路上總會遇上這些好朋友，他們總會給你學習，讓你成長，令你刻骨銘心.....而這就是人生 
28
28
76次分享
讚好
回應
分享
0個回應
⁠
回應……
請按 Enter 鍵發佈。
"
40,Plan2Achieve,"
2018年11月8日
  ·
【KO 你的不是環境，而是你自己】
今早我 Coach 了一個年青人，他在即將成功之前就想 KO 自己，為什麼他會這樣做？不是他沒有堅持，而是他像這幅插圖內的人一樣，看不到事情的全部，他活在自己的「假設」之中，也可以說是活在自己的「世界」中。
他在缺乏全面資訊的情況下，就認為自己追求的目標是不設實際，然而在傾談了40 多分鐘後，他開始明白問題並不是「目標是否實際」，而是自己對「進度」有過度的期望，當他看見自己思路上的「盲點」後，現在他內心踏實了，也看見更多的可能性，繼續前進....
很多時候，人生裡很多的事情真的不是我們想像中的那樣，但我們往往有很多的「執著和錯誤認知」，讓這些執著牽著鼻子走而不自知....
因此，成敗往往是一念之間，KO 你的往往不是環境，而是你自己....
下次，當你想放棄之前，找一個信任的朋友傾一傾，可能你會發現新大陸.....
40
40
17次分享
讚好
回應
分享
0個回應
⁠
回應……
請按 Enter 鍵發佈。
"
41,Plan2Achieve,"
2018年11月6日
  ·
恩賢 GraceYard
2012年3月26日
  ·
一步一步, 踏上成功路!
(覺得有意思的請分享)
41
41
1 個回應
25次分享
讚好
回應
分享
1 個回應
最相關
⁠
回應……
請按 Enter 鍵發佈。
Alex Fung
Winggie Fung,Ellena Fung Ellena
1
讚好
 · 回覆 · 2年
"
42,Plan2Achieve,"
2018年10月18日
  ·
一名韓裔美籍的70歲婆婆，近日參加芝加哥馬拉松比賽時以3小時27分50秒成績刷新了該組別的世界紀錄，被舊紀錄快約7分鐘！原來婆婆為了今次比賽，每周都會跑約104公里。
據《環球網》報道，婆婆Jeannie Rice 19歲時便到美國定居，34歲回韓國探親時，因為親戚太熱情，每次都會煮豐盛菜餚的關係，導致她返回美國時肥了7磅，她便決心跑步以減掉肥肉。
起初跑步，婆婆只是為了減肥，但後來她發現自己非常擅長長跑，即使沒有經常訓練，都能在比賽中取得佳績。而是次的芝加哥馬拉松比賽已經是她第116次參加馬拉松比賽。此前，她曾到過巴黎、冰島、馬德里、布拉格、中國等世界各地參與比賽。
「我已經跑了35年，跑步已是我人生的一大部分。」
TOPICK.HKET.COM
每周練跑104公里備戰馬拉松　70歲婆婆刷新世界紀錄：年齡只是數字 - 香港經濟日報 - TOPick - 健康
180
180
3個回應
34次分享
讚好
回應
分享
3個回應
最相關
⁠
回應……
請按 Enter 鍵發佈。
黃后
姐妹們一起加油吧！讓年齡只是數字
2
讚好
 · 回覆 · 2年
2個回覆
"
43,Plan2Achieve,"
2018年10月1日
  ·
80秒的愛頻導-80s LoveChannel
2018年10月1日
  ·
＃勿讓自己留憾
15
15
3次分享
讚好
回應
分享
0個回應
⁠
回應……
請按 Enter 鍵發佈。
"
44,Plan2Achieve,"
2018年9月14日
  ·
任何事都是由一個決心、一顆種子開始。開始時不會很強，要變得很強就必須先開始。
過程中的一點一滴都是最好的養分，不要小看這一點一滴的累積，力量都可以很大！
困難是必定會有的，但如果你知道自己為了什麼而承受，為了什麼而堅持，那困難又算得什麼 ?⋯⋯ 查看更多
12
12
5次分享
讚好
回應
分享
0個回應
⁠
回應……
請按 Enter 鍵發佈。"
45,Plan2Achieve,"
2018年9月14日
  ·
任何事都是由一個決心、一顆種子開始。開始時不會很強，要變得很強就必須先開始。
過程中的一點一滴都是最好的養分，不要小看這一點一滴的累積，力量都可以很大！
困難是必定會有的，但如果你知道自己為了什麼而承受，為了什麼而堅持，那困難又算得什麼 ?
積極自信 快樂尋夢 ACT on Your Dreams With Joy & Confidence
12
12
5次分享
讚好
回應
分享
0個回應
⁠
回應……
請按 Enter 鍵發佈。
"
46,Plan2Achieve,"
2018年9月11日
  ·
金水
2018年9月9日
  ·
驚人毅力令人欽佩
// 日本女子伊藤真波曾遭遇車禍，失去了一隻手臂，但堅持游泳、拉小提琴，生活豐富多彩。//
38
38
15次分享
讚好
回應
分享
1 個回應
最相關
⁠
回應……
請按 Enter 鍵發佈。
"
47,Plan2Achieve,"
2018年5月26日
  ·
508
508
9個回應
1,210次分享
讚好
回應
分享
9個回應
最相關
⁠
回應……
請按 Enter 鍵發佈。
Witong Tpm
雖然唔知係咪真係村上春樹講，但我認同放棄嘅心態係會令快速老化。
讚好
 · 回覆 · 1年
檢視另5則回應
"
48,Plan2Achieve,"
2018年3月26日
  ·
// 「有媽媽撐著才是最重要。」回想留院治療對抗血癌的日子，陳臻宏直言滿是煎熬，手術後連日高燒腹瀉，體重急降逾十公斤。在母親的鼓勵下，陳堅持治療，戰勝癌魔，最終完成文憑試並入讀心儀學科，今奪「青苗十大進步獎」。
另一得獎者蔡焯瑩現於龍翔官立中學就讀中二，是焦慮症的過來人。她自言，患病期間情緒經常起伏不定，學習能力大受影響，因此中途綴學。蔡憶述，一次萌生自殘念頭時，難忘母親鼓勵「條路好長，一次的挫折不等於永恆」，深感家人支持，漸學會主動與人分享心事，病情逐漸紓緩，得以復學。作為過來人，她鼓勵大眾「凡事別想得太灰，無需要下下做到100分。」 //
HD.STHEADLINE.COM
戰勝血癌暴瘦10公斤 學子堅持復課追進度獲頒進步獎
「有媽媽撐著才是最重要。」回想留院治療對抗血癌的日子，陳臻宏直言滿是煎熬，術後連日高燒腹瀉，體重急降逾十公斤。在母親的鼓勵下，陳堅持治療，戰勝癌魔，最終完成文憑試並入讀心儀學科，今奪「青苗十大進步獎」...
11
11
2次分享
讚好
回應
分享
0個回應
⁠
回應……
請按 Enter 鍵發佈。
"
49,Plan2Achieve,"
2018年2月12日
  ·
搏盡無悔
17
17
4次分享
讚好
回應
分享
0個回應
⁠
回應……
請按 Enter 鍵發佈。
"
50,Plan2Achieve,"
2018年2月11日
  ·
24
24
9次分享
讚好
回應
分享
0個回應
⁠
回應……
請按 Enter 鍵發佈。
"
51,Plan2Achieve,"
2018年2月2日
  ·
65
65
2個回應
15次分享
讚好
回應
分享
2個回應
最相關
⁠
回應……
請按 Enter 鍵發佈。
李永健
那麼，很多人似乎其實不是在生活⋯⋯
讚好
 · 回覆 · 3年
你選擇了「最相關」，因此系統可能已過濾掉部分回應。
"
52,Plan2Achieve,"
2018年1月22日
  ·
尋夢永遠不會遲！
THESTANDNEWS.COM
45 歲的抉擇 | 蔡東豪 | 立場新聞
你今年四十五歲，靠着學歷，以及二十年工作經驗，站穩現在的位置。你沒多想將來，太忙，日常已經太多...
76
76
20次分享
讚好
回應
分享
0個回應
⁠
回應……
請按 Enter 鍵發佈。
"
53,Plan2Achieve,"
2018年1月18日
  ·
網友瘋傳的哲學課！教你越活越快樂！
441
441
29個回應
1,180次分享
讚好
回應
分享
29個回應
最相關
⁠
回應……
請按 Enter 鍵發佈。
Mel Ho
Yau Mo Yuememe
讚好
 · 回覆 · 1年
1個回覆
檢視另6則回應"
54,Plan2Achieve,"
2018年1月22日
  ·
尋夢永遠不會遲！
THESTANDNEWS.COM
45 歲的抉擇 | 蔡東豪 | 立場新聞
你今年四十五歲，靠着學歷，以及二十年工作經驗，站穩現在的位置。你沒多想將來，太忙，日常已經太多...
76
76
20次分享
讚好
回應
分享
0個回應
⁠
回應……
請按 Enter 鍵發佈。
"
55,Plan2Achieve,"
2018年1月18日
  ·
網友瘋傳的哲學課！教你越活越快樂！
441
441
29個回應
1,180次分享
讚好
回應
分享
29個回應
最相關
⁠
回應……
請按 Enter 鍵發佈。
Mel Ho
Yau Mo Yuememe
1
讚好
 · 回覆 · 1年
1個回覆
檢視另6則回應
"
56,Plan2Achieve,"
2018年1月1日
  ·
17
17
6次分享
讚好
回應
分享
0個回應
⁠
回應……
請按 Enter 鍵發佈。
"
57,Plan2Achieve,"
2017年12月10日
  ·
很震撼、療癒、勵志的歌聲！不自覺留下眼淚
135
135
3個回應
183次分享
讚好
回應
分享
3個回應
最相關
⁠
回應……
請按 Enter 鍵發佈。
Wong Yping
唱得非常非常好。
讚好
 · 回覆 · 1年
查看另 1 則回應
"
58,Plan2Achieve,"
2017年11月25日
  ·
一位89歲快樂搞笑創意無窮的攝影師 - 西本 喜美子
345
345
13個回應
227次分享
讚好
回應
分享
13個回應
最相關
⁠
回應……
請按 Enter 鍵發佈。
Imuy Uy
Una Wong 哩個婆婆好QQ
讚好
 · 回覆 · 3年
1個回覆
查看另 1 則回應
"
59,Plan2Achieve,"
2017年10月17日
  ·
【逆流學校】當狀元全都想做醫生時，位於屯門的鄉師自然學校（下稱自校），卻致力培養農夫、工匠或舞蹈家等另類人才。教了18年書，月入僅得18,000元的前校長海星表示，所有老師甘願減薪創校，為的是向學生展示，不跟一般主流價值生存，亦能活得愜意。這位老師說：「這就是身教。」
記者：鄧玉燕　攝影︰楊觀賜王俊龍
自校裡，沒有手機、遊戲機；午餐吃多少、拿多少，自己洗碗；就連學校工作紙，都用家長捐出來的單面紙。這般特別的生活規則，由師生共同商議決定。海星希望，學生明白必需品與欲望之間的分別，所以他們選擇簡樸生活，以教導學生追求真正的快樂，而非一味追逐金錢，破壞環境。
自校也在努力改善老師薪酬。八年前，海星與知秋、白鷺等老師創校時，人工僅一萬，難以養家。幸得善長支持，後來特別捐款予老師加人工，如今年資五年以上的資深老師，月薪有萬八元。而校長職位則實行輪任制，工資只比資深老師多一千元，相比起一般小學，其報酬少了逾三萬元。
但海星說，為了理想，他們甘之如飴，「我哋唔想見到細路仔受苦，當政府同埋其他辦學團體都唔做，只好由我哋開始，否則我唔甘心。」香港僅兩成人考到資助大學，其餘被標籤為成績差的學生，容易放棄自己。「主流教育令佢哋冇晒自信，覺得自己會失敗，就對學習失去興趣。」
所以這裡崇尚自主學習，從不催谷學生。海星認為，當學生對一件事感興趣，例如物理學，若他知道大學是唯一學習途徑，就會努力讀書。他自爆當年為升讀物理系，重考三次大學，「一年唔得、兩年、甚至三年，細路仔想做，就一定事成，只不過花多啲時間。」但不讀大學也行，他有個學生夢想創作自家傢俱品牌，便四處遊歷觀察各國藝術創作，旅費自己解決。
另一位老師咖啡豆，大學讀傳理，畢業後選擇來自校教書，四年多年資，月薪約萬六元。她形容，自校充滿生命力，「我可以大膽設計課程，例如帶兩個畢業生去台灣踩單車。」而且這裡人人平等，校工都能就學校議題發聲，共同管理學校。即使是被坊間標籤為「曳」的學生，或者有特殊需要的學生，「都可以有一個選擇，找到自己的興趣，建立信心。」
HK.APPLE.NEXTMEDIA.COM
大減三萬人工　逆流老師教追夢
【逆流學校】當狀元全都想做醫生時，位於屯門的鄉師自然學校（下稱自校），卻致力培養農夫、工匠或舞蹈家等...
130
130
34次分享
讚好
回應
分享
0個回應
⁠
回應……
請按 Enter 鍵發佈。
"
60,Plan2Achieve,"
2017年10月12日
  ·
恭喜明哥 
// 「深水埗明哥」陳灼明派飯給基層做善事出晒名，獲得很多市民支持，還成立了社企「北河同行」，與更多有心人一起派飯，擴大受惠的人數。今日他獲嶺南大學頒發榮譽院士，平日見他衣着隨意，穿起西裝打呔的明哥相當醒神，家人都一同到場與他分享喜悅。//
IMONEY.HKET.COM | 作者：IMONEY 智富雜誌
深水埗明哥獲頒榮譽院士
「深水埗明哥」陳灼明派飯給基層做善事出晒名，獲得很多市民支持，還成立了社企「北河同行」，與更多有心人一起派飯，擴大受惠的
339
339
24次分享
讚好
回應
分享
0個回應
⁠
回應……
請按 Enter 鍵發佈。
"
61,Plan2Achieve,"
2017年9月25日
  ·
230
230
549次分享
讚好
回應
分享
0個回應
⁠
回應……
請按 Enter 鍵發佈。
"
62,Plan2Achieve,"
2017年9月17日
  ·
32
32
6次分享
讚好
回應
分享
0個回應
⁠
回應……
請按 Enter 鍵發佈。
"
63,Plan2Achieve,"
2017年9月8日
  ·
206
206
194次分享
讚好
回應
分享
1 個回應
最相關
⁠
回應……
請按 Enter 鍵發佈。"
64,Plan2Achieve,"
2017年9月8日
  ·
206
206
194次分享
讚好
回應
分享
1 個回應
最相關
⁠
回應……
請按 Enter 鍵發佈。
"
65,Plan2Achieve,"
2017年7月27日
  ·
那一個星期五夜晚，藝術中心包氏畫廊舉行香港藝術學院的藝術文學士畢業展的開幕禮。好些校友回來參觀，並為「關晃先生紀念獎學金」作評審，由藝術中心總幹事林淑儀頒獎。台下歡呼不絕，掌聲如雷，獎學金得主從人群中走出來：是一個高高瘦瘦、黑黑實實的男人，看起來並不像普遍認識的「大學新鮮人」。
他是何奇燄（Clint）。今年剛滿七十歲的他，取得藝術學士，說：「頒獎學金嘅時候，我無咩特別感覺，但聽到同學們嘅歡呼，我真係好開心，因為得到大家嘅認同。」
出生於 1940 年代，一如許多同齡的人，Clint 家境並不富裕。家境穩定下來之後，他一入學就讀四年級，「有好多英文嗰啲，全部嘢都未學過，所以就成日留級，但留級都追不上」。談起小學回憶，他尤其記得美術「唔合格」，帶笑道出往事，說：「我畫得唔滿意，唔滿意就無交，無交就唔合格」。斷斷續續，他勉強讀到中三，無法升班，便直接投身職場。
Clint 的職場歲月，由學師開始，學過無線電，做過電子廠。後來，工廠北移，他北上工作數月之後，覺得太辛苦，而且人工不高，便決定回港，轉到地盤工作。「開頭都係鋤吓泥，搬吓嘢咁。」三十多年來，他在地盤游走過多個不同崗位，戲稱「好花心好百厭」。工友行開去飲茶，他主動補上幫手，「釘板、打石、燒焊嗰啲，樣樣野我都摸過。」後來，他轉到測量部門，協助測量師在地盤計數度位，一做就幾十年。
直到女兒出身，Clint 終於有空閒時間，並隨著踏入五十歲，他開始思考下半生，說：「我唔甘心就咁，渾渾噩噩咁樣過一世，咁就搵啲書讀吓囉。」進修，何不由老本行測量開始？他認真思考過，預算畢業沒多久便屆退休之齡，「好似唔係幾划算喎，點解唔讀啲自己鍾意又嚮往嘅嘢呢？」
從入學門檻較低的公開大學開始，Clint 報讀「中國人文科學」，期間開始走走博物館、聽聽音樂，「我發覺聽音樂，我可以感受到、欣賞到；但畫同雕塑，我就好似唔係好明白佢講咩。我想清楚啲，究竟呢啲嘢係點解？」報讀藝術課程的願望，悄悄地在他心中發芽。然而，Clint 擔心英文能力不敷應用，所以先用了三年時間進修英文，再報讀香港藝術學院開辦的藝術高級文憑。
帶著一顆「唔識學到識」的心來到藝術學院，此前沒有創作的 Clint，面對來自五湖四海的藝術老手。班上 12 個同學，有人是繪畫老師，有人連取兩屆學界美術比賽冠軍，還有一人曾經在北京美術學院讀過書。提到同學的強勁背景，今天說起來，他還是吐出一句「真係嚇都嚇死」。
與其他課堂的教學方法迥異，藝術學院重視同學之間的互動，而且藝術討論很多時都沒有對錯。Clint 難忘學藝第一年的艱苦歲月，說：「好迷惘，唔知先生想我做乜野。」
完成高級文憑之後，Clint 轉到與澳洲皇家墨爾本理工大學（RMIT）合辦的學士銜接課程繼續進修。有了前三年的基礎，他認為學士生涯反而比較輕鬆，但還是不時面對老師提出的難題。
「有時俾啲作品、idea 先生，佢全部 ban 曬你，要你完全由頭再做過，你就呆左係度。」Clint 續說，「當你俾先生迫到痴線咁滯，但突然間你諗到點樣應付佢，而個先生又滿意喎。嗰種開心程度，唔係其他嘢可能取代到。」
從高級文憑到學士學位，Clint 絕大部分時間都處於半工讀的狀態。回想當初，他決定讀報藝術時，不少工友都表示驚訝。他引述地盤同事，說「呢個人係咪痴咗線？讀完之後你將會有咩得益呀？」未入學之前，他已深知讀藝術是「無著數嘅嘢」，卻道：「我覺得藝術可以豐富我嘅人生，可能人生會比較美滿啲、開心啲。」
同年同行的朋友，放工不是看電影，就可能去打麻雀，但 Clint 決定要走不一樣的路，「佢地覺得呢啲係娛樂，但我覺得我返學都係娛樂。佢哋嘅人生好多人都咁行法，但我不甘心咁行，所以要行另外嘅路。」
THESTANDNEWS.COM
做地盤30年　他剛讀完藝術學士 — 專訪70歲何奇燄 | 立場報道 | 立場新聞
504
504
18個回應
220次分享
讚好
回應
分享
18個回應
最相關
⁠
回應……
請按 Enter 鍵發佈。
Raymond Leung
讚好
 · 回覆 · 4年
檢視另8則回應
"
66,Plan2Achieve,"
2017年7月26日
  ·
2015年當時年僅19歲的香港少年Kelvin Yuen (袁斯樂)以一張名為《野孩子追夢的世界》的作品，獲得國家地理全球攝影大賽台灣賽區青年組冠軍。這張相片被評為「展現如同成人般的穩健與視野，獲得評審的一致喜愛。」
Kelvin曾自言DSE 前不太努力讀書，但家人一直任由他自由發展，教導他從錯誤中學習，令他在攝影上不繼嘗試，亦兼顧讀書，由副學士成功升讀學士。
「家人跟我說過，世上有3種人，第1種人永不犯錯，能躲過所有錯誤，第2種人犯錯後不會再犯，第3種人是錯完再錯。
相信大多數人也是錯完再學習，我也不是特別叻的人能躲過所有錯誤，所以我覺得這是必經的事。」
起初他自學攝影，自言頭一年的相片可能以「瀨野」為主，但對攝影着迷的他，曾經一年上飛鵝山50多次，因此了解山上的好壞天氣對風景有何影響。
家住慈雲山的Kelvin，家中飽覽九龍群山。因為住得較近，而飛鵝山更像他的「後花園」，會經常到那裏拍攝。甚至其得奬作品便是在飛鵝山拍攝，把城市景觀及自然山勢融合在一起。
拍攝冠軍作品《野孩子追夢的世界》前一個月，他已構思好構圖，但直到剛考完試才有好天氣，並即時趕上山拍攝。為了拍攝，Kelvin 經常不顧一切，如為了香港難得一見的雲海，他曾在發燒的情況下也上山拍照，結果病得更嚴重。
雖然他繼續邁進攝影師之路，但被問及社會上部份人可能認為拍照無法掙錢時，他認為：
「他們（大人）的價值觀沒有錯，以他們的角度而言，但不可以說我們不對，他們未試過做這件事，不能用他們的價值觀套在我們身上。」
圖片來源: 2015 國家地理攝影大賽
青少年組冠軍袁斯樂《野孩子追夢的世界》　 
文字來源: https://topick.hket.com/article/1458487
36
36
8次分享
讚好
回應
分享
0個回應
⁠
回應……
請按 Enter 鍵發佈。
"
67,Plan2Achieve,"
2017年7月15日
  ·
近千萬人看的TED演說： 成功關鍵不是智商
569
569
49個回應
1,028次分享
讚好
回應
分享
49個回應
最相關
⁠
回應……
請按 Enter 鍵發佈。
Ingrid Wong
Sophia HO鬥長命呀！
讚好
 · 回覆 · 4年
4個回覆
檢視另3則回應
"
68,Plan2Achieve,"
2017年7月6日
  ·
34
34
12次分享
讚好
回應
分享
0個回應
⁠
回應……
請按 Enter 鍵發佈。
"
69,Plan2Achieve,"
2017年6月4日
  ·
2013年一個令人印象深刻的報章頭版－「狀元棄厚職轉當車長」，令全港都記住了九巴狀元車長梁領彥（Gary）的名字。
4年過去，Gary不再只是車長，同時又擔當起路線策劃的工作。兩頭燒的工作看似吃力，他卻甘之如飴；回首這幾年，自言最難忘當初的決定：「無諗到我嘅一件小事，竟然成為鼓勵其他人追夢嘅大事。」
HK01.COM
九巴狀元車長轉職路線策劃　回首入行時：無想到我的小事啟發到人
2013年一個令人印象深刻的報章頭版，令全港都記住了九巴狀元車長梁領彥的名字。3年多過去，Gary不再只是車長，同時又擔當起路線策劃的工作。回首這幾年……
745
745
17個回應
84次分享
讚好
回應
分享
17個回應
最相關
⁠
回應……
請按 Enter 鍵發佈。
オー カワイ
人生係要有夢想既
讚好
 · 回覆 · 4年
檢視另11則回應
"
70,Plan2Achieve,"
2017年5月24日
  ·
生命不在於它的長短
金水
2013年12月22日
  ·
艱苦走一段 你認為值得嗎？
2010年高考前，夢想讀醫的伍庭發患上罕見癌症，廢了右手。兩個月間伍庭發邊對抗病魔邊憤練左手寫字，可惜仍無法執筆考試。中大校長沈祖堯對叩門的孩子說，放下學業好好生活吧；港大藥劑系破格收錄。3年間，孩子病情急速惡化，在劇痛中堅持上課，以一級榮譽畢業。完成志願，也走完人生。上月底他撐着虛弱身軀⋯⋯ 查看更多
242
242
5個回應
讚好
回應
分享
5個回應
最相關
⁠
回應……
請按 Enter 鍵發佈。
May Chan
兩個都道理，你可以努力去追求自己的夢想，但是未來的日子就不知道啦。
讚好
 · 回覆 · 4年
檢視另4則回應
"
71,Plan2Achieve,"
2017年5月12日
  ·
HK.APPLE.NEXTMEDIA.COM
王維基勸學生勇於創夢：人生最痛唔係失敗 而係冇做過
【新增短片】中大連續第三年舉辦中大創業日，今年邀請了香港電視網絡主席王維基演講分享創業心...
139
139
32次分享
讚好
回應
分享
0個回應
⁠
回應……
請按 Enter 鍵發佈。"
72,Plan2Achieve,"
2017年5月24日
  ·
生命不在於它的長短
金水
2013年12月22日
  ·
艱苦走一段 你認為值得嗎？
2010年高考前，夢想讀醫的伍庭發患上罕見癌症，廢了右手。兩個月間伍庭發邊對抗病魔邊憤練左手寫字，可惜仍無法執筆考試。中大校長沈祖堯對叩門的孩子說，放下學業好好生活吧；港大藥劑系破格收錄。3年間，孩子病情急速惡化，在劇痛中堅持上課，以一級榮譽畢業。完成志願，也走完人生。上月底他撐着虛弱身軀⋯⋯ 查看更多
242
242
5個回應
讚好
回應
分享
5個回應
最相關
⁠
回應……
請按 Enter 鍵發佈。
May Chan
兩個都道理，你可以努力去追求自己的夢想，但是未來的日子就不知道啦。
1
讚好
 · 回覆 · 4年
檢視另4則回應
"
73,Plan2Achieve,"
2017年5月12日
  ·
HK.APPLE.NEXTMEDIA.COM
王維基勸學生勇於創夢：人生最痛唔係失敗 而係冇做過
【新增短片】中大連續第三年舉辦中大創業日，今年邀請了香港電視網絡主席王維基演講分享創業心...
139
139
32次分享
讚好
回應
分享
0個回應
⁠
回應……
請按 Enter 鍵發佈。
"
74,Plan2Achieve,"
2017年4月16日
  ·
在香港做設計，有苦自知，因為「客戶大過天」，設計師根本無SAY。設計師謝詠詩（Winncie）睇通一切後，一年前選擇離開收入穩定的全職設計師工作，轉為自由工作者，人工大減至初入行的水平，但她卻心甘命抵，因為她可以「揀job做」，這種自由及快樂，絕對是用錢也買不到。
在樓價高企的香港社會，Wnncie認為，超過一半的90後不會奢想買樓問題，自己也不例外，「如果要好辛苦咁供幾十年樓，自己又唔開心，點解唔做更加值得的事呢？」
不過現實總是殘酷，Winncie的同學也擔心她的生計，「他們會認為最好有份全職，就有錢、穩定，完！」縱使不斷被現實打擊，但家人無限的支持和網民的賞識，成為她的動力來源，「雖然我收入唔高，家用都唔係畀好多，但屋企人好支持我，如果我要趕稿，他們就會遷就我的食飯時間。」又有新加坡人透過網上給予她支持，讚賞她所設計的中文字。
HK.FINANCE.YAHOO.COM
【無樓又點】設計師要自由 唔想供樓唔開心
在香港做設計，有苦自知，因為「客戶大過天」，設計師根本無SAY。設計師謝詠詩（Winncie）睇通一切後，一年前選擇離開收入穩定的全職設計師工作，轉為自由工作者，人工大減至初入行的水平，但她卻心甘命抵，因為她可以「揀job做」，這種自由及快樂，絕對是用錢也買不到。 二十六歲的Winncie畢業後做過三份全職工作，隨着年資愈長，薪金亦有所增長，只可惜設計往往自主權有限，令她一直想放棄。直至遇上另一有夢想的年輕人，她決定用設計幫助他實現夢想，也讓她重拾設計初衷，「除非食都無得食，唔係我一定揀夢想」。 設計愈來愈廉價 隨手打開一個程式，已經可以點執都得，Winncie坦言，設計在香港社會變得愈來愈廉...
24
24
1 個回應
5次分享
讚好
回應
分享
1 個回應
最相關
⁠
回應……
請按 Enter 鍵發佈。
Wong Wai Chung Coda
（Winncie）睇通一切後
讚好
 · 回覆 · 1年
"
75,Plan2Achieve,"
2017年4月3日
  ·
抓緊夢想，因夢想熄滅，有如飛鳥折翼。
16
16
2次分享
讚好
回應
分享
1 個回應
⁠
回應……
請按 Enter 鍵發佈。
"
76,Plan2Achieve,"
2017年3月29日
  ·
「儘管追夢會讓你沒錢，還令你窮，但在這種情況下有些夢還是值得去做的！」講完這句話之後白只身後好像出現一道光芒似的，光芒背後的朱凌凌原來曾經負債累累。作為樂隊的他們突然萌生想法想搞舞台劇，當時寂寂無名的他們沒有人邀約，竟然膽粗粗自己掏腰包搞舞台劇，他們回憶道：「當時有個想法想做舞台劇，但我們朱凌凌是樂隊，沒人找我們做，我們自己去做啊，最後虧蝕了是我們沒想到的。」2008年他們於沙田大會堂舉行舞台劇《搏到單車變摩托@真的散Band了》，當時叫好叫座，連企位的票也售罄，正當他們以為闖出一片天，乘勝追擊再舉辦舞台劇，但沒想到入座率只有兩成，成員朱栢康自諷道：「別的樂隊最倒霉的時候頂多是沒錢、被雪藏又或者是被解約，但我們當時是欠債，可算是最誇張。」
HK01.COM
【專訪】為追夢自資搞舞台劇　朱凌凌曾經欠債幾十萬
樂隊「朱凌凌」一向都藝高人膽大，Viu TV邀請他們參與實況真人騷，他們居然覺得沒興趣而拒絕，反而大膽提議自編自導自演搞電視劇，沒想到Viu TV一口……
26
26
5次分享
讚好
回應
分享
1 個回應
⁠
回應……
請按 Enter 鍵發佈。
"
77,Plan2Achieve,"
2017年3月12日
  ·
不少人認為，香港這一代的年輕人生活幸福，沒經過挫折，永遠長不大。今天的主角是80後的雲來軒董事兼行政總廚黃亞保。他是越南華僑，小時候偷渡來港入住船民營，讀書欠佳，會考只得1分，但卻早已立定志向要做一位廚師及擁有自己的餐廳。
他解釋，爸爸曾開設食店，故自小已對飲食業很有興趣。黃亞保認為目標必須要付諸實行，不能空講白話，故於中學時，每天午飯時間會回屋企煮飯，除了慳錢之外，更可以鍛練廚藝，他更不時邀請老師到家午飯。
中學畢業後，他隨即入讀香港中華廚藝學院，向理想出發。⋯⋯ 查看更多
TOPICK.HKET.COM
會考1分立志學廚 80後開餐廳每月營業額過百萬【有片】 - 香港經濟日報 - TOPick - 職場
63
63
17次分享
讚好
回應
分享
0個回應
⁠
回應……
請按 Enter 鍵發佈。
"
78,Plan2Achieve,"
2017年3月10日
  ·
  ·
你有多想學好英文?
英文再起步: https://tinyurl.com/y5my389x
735
735
26個回應
2,238次分享
讚好
回應
分享
26個回應
最相關
⁠
回應……
請按 Enter 鍵發佈。
羅永樂
讚好
 · 回覆 · 2年
檢視另13則回應
"
79,Plan2Achieve,"
2017年3月9日
  ·
恩賢 GraceYard
2014年3月9日
  ·
這個世界上有兩種人，一種人是強者，一種人是弱者。強者給自己找不適，弱者給自己找舒適。想要變得更強，就必須要學會強者的必備技能，那就是讓不適變得舒適。
如果你學會了這種技能，你可以搞定很多事情，例如克服拖延，健身，學習新語言，探索未知領域等等。但是很多人都傾向於迴避這種不舒適，畢竟沒有一件事情是簡單的，都需要付出很多努⋯⋯ 查看更多
32
32
1 次分享
讚好
回應
分享
0個回應
⁠
回應……
請按 Enter 鍵發佈。"
80,Plan2Achieve,"
2017年3月29日
  ·
「儘管追夢會讓你沒錢，還令你窮，但在這種情況下有些夢還是值得去做的！」講完這句話之後白只身後好像出現一道光芒似的，光芒背後的朱凌凌原來曾經負債累累。作為樂隊的他們突然萌生想法想搞舞台劇，當時寂寂無名的他們沒有人邀約，竟然膽粗粗自己掏腰包搞舞台劇，他們回憶道：「當時有個想法想做舞台劇，但我們朱凌凌是樂隊，沒人找我們做，我們自己去做啊，最後虧蝕了是我們沒想到的。」2008年他們於沙田大會堂舉行舞台劇《搏到單車變摩托@真的散Band了》，當時叫好叫座，連企位的票也售罄，正當他們以為闖出一片天，乘勝追擊再舉辦舞台劇，但沒想到入座率只有兩成，成員朱栢康自諷道：「別的樂隊最倒霉的時候頂多是沒錢、被雪藏又或者是被解約，但我們當時是欠債，可算是最誇張。」
HK01.COM
【專訪】為追夢自資搞舞台劇　朱凌凌曾經欠債幾十萬
樂隊「朱凌凌」一向都藝高人膽大，Viu TV邀請他們參與實況真人騷，他們居然覺得沒興趣而拒絕，反而大膽提議自編自導自演搞電視劇，沒想到Viu TV一口……
26
26
5次分享
讚好
回應
分享
1 個回應
⁠
回應……
請按 Enter 鍵發佈。
"
81,Plan2Achieve,"
2017年3月12日
  ·
不少人認為，香港這一代的年輕人生活幸福，沒經過挫折，永遠長不大。今天的主角是80後的雲來軒董事兼行政總廚黃亞保。他是越南華僑，小時候偷渡來港入住船民營，讀書欠佳，會考只得1分，但卻早已立定志向要做一位廚師及擁有自己的餐廳。
他解釋，爸爸曾開設食店，故自小已對飲食業很有興趣。黃亞保認為目標必須要付諸實行，不能空講白話，故於中學時，每天午飯時間會回屋企煮飯，除了慳錢之外，更可以鍛練廚藝，他更不時邀請老師到家午飯。
中學畢業後，他隨即入讀香港中華廚藝學院，向理想出發。
離開了廚藝學院，黃亞保到一間會所做「三廚」，怎知返工才知道不是這回事，他是唯一的廚師，更無端端由「三廚」被升為總廚。
開始時黃亞保都能應付得到，但某天有城中富豪預訂鮑參翅肚宴客，他卻不懂得如何處理這些乾貨，在無計可施下，便硬著頭皮走到上環海味店請教負責人如何煮，憑著他將勤補拙，終於成功打造了鮑參翅肚宴，富豪更相當滿意。
TOPICK.HKET.COM
會考1分立志學廚 80後開餐廳每月營業額過百萬【有片】 - 香港經濟日報 - TOPick - 職場
63
63
17次分享
讚好
回應
分享
0個回應
⁠
回應……
請按 Enter 鍵發佈。
"
82,Plan2Achieve,"
2017年3月10日
  ·
  ·
你有多想學好英文?
英文再起步: https://tinyurl.com/y5my389x
735
735
26個回應
2,238次分享
讚好
回應
分享
26個回應
最相關
⁠
回應……
請按 Enter 鍵發佈。
羅永樂
讚好
 · 回覆 · 2年
檢視另13則回應
"
83,Plan2Achieve,"
2017年3月9日
  ·
恩賢 GraceYard
2014年3月9日
  ·
這個世界上有兩種人，一種人是強者，一種人是弱者。強者給自己找不適，弱者給自己找舒適。想要變得更強，就必須要學會強者的必備技能，那就是讓不適變得舒適。
如果你學會了這種技能，你可以搞定很多事情，例如克服拖延，健身，學習新語言，探索未知領域等等。但是很多人都傾向於迴避這種不舒適，畢竟沒有一件事情是簡單的，都需要付出很多努⋯⋯ 查看更多
32
32
1 次分享
讚好
回應
分享
0個回應
⁠
回應……
請按 Enter 鍵發佈。
"
84,Plan2Achieve,"
2017年2月13日
  ·
「你是否已經用過許多方法，但仍然對英文無從入手？」
請給自己多一次的機會，重新認識英文，拾回對英文的自信，再次從英文中起步！
詳情及報名: http://tinyurl.com/mackzg4
ADULTS.GRACEYARD.EDU.HK
英文再起步
請給自己多一次的機會，從基礎詞彙開始，重新認識英文，拾回對英文的自信，再次從英文中起步！
瞭解詳情
1,356
1,356
12次分享
讚好
回應
分享
0個回應
⁠
回應……
請按 Enter 鍵發佈。
"
85,Plan2Achieve,"
2017年2月2日
  ·
與香港不少職業女性一樣，黃凱欣（Joyce）有兩個最重要的身分，她是3個孩子的媽媽，也是眼科醫生，但她的診所卻遠在非洲森林。Joyce生於小康之家，負笈英國時往非洲當義工，邂逅丈夫Henri，其後誕下3名子女。前年一家五口遠赴剛果成立了「New Sight Congo 目養計劃」，開設當地首間非牟利眼科診所，夫婦在每周供電3次、連轉身也不能的小小手術室裏，令當地無數近百人復明。
New Sight Congo 目養計劃
2016年9月22日
  ·
A brief introduction to the work of New Sight Eye Care, a charity pioneering a surgical eye centre in the Republic of Congo.
3
3
讚好
回應
分享
1 個回應
⁠
回應……
請按 Enter 鍵發佈。
"
86,Plan2Achieve,"
2017年1月24日
  ·
檔名Hello Stranger，是寓意將志同道合的陌生人連繫，拉近人與人間的距離，為冰冷城市帶來溫暖。Hello Stranger第4年參加年宵，團隊來自不同學系，於大學迎新營結緣，顏表示，「搞年宵」近年成為他們的傳統，而檔名的創立理念正好反映團隊的組成。
去年Hello Stranger將電影、小說意念及童年回憶等「大城小故事」元素作設計，以簡約圖案印在小布袋及電腦袋上，今年再接再厲，推出六款小布袋及電腦袋，每款布袋都配上短句，希望可道出城市人心聲，引起共鳴。
TOPICK.HKET.COM
90後理大生嘗創業夢 青春無價要忠於自己 - 香港經濟日報 - TOPick - 職場
8
8
1 次分享
讚好
回應
分享
1 個回應
⁠
回應……
請按 Enter 鍵發佈。
"
87,Plan2Achieve,"
2017年1月17日
  ·
結婚的一生人一次，「有得揀點解要袋住先」，愛旅行又愛婚紗，便促成了開環球婚紗店的一個夢想。
「夢想曾對我來說只是夢，遙遠得我不敢想，但他的鞭策令我有決心有動力去做好這件事。」三年前邂逅，三個月前緣定今生，受男友啟發，勇敢追夢，是專屬Jorie和Keith的愛情故事。
初見Jorie，除了她身高比我高，笑容比我親切，臉子比我標緻外，我們同是90後女生，賺取微薄的薪金，卻不忘為自己認為值得的事努力。25歲的她本來為空姐，現在已經是一間婚紗店的老闆娘。自小對婚紗充滿憧憬，愛看外國婚紗節目say YES to the dress（我的夢幻婚紗），欣賞外國的婚紗設計，但無奈香港新娘子真正接觸到外國婚紗的機會很少。結婚的一生人一次，「有得揀點解要袋住先」，愛旅行又愛婚紗，便促成了開環球婚紗店的一個夢想。⋯⋯ 查看更多
HK.APPLE.NEXTMEDIA.COM
【發夢15年】當空姐遇上空少…環遊世界為人搵婚紗
和伴侶一同在愛中進步，是最幸福的事。「夢想曾對我來說只是夢，遙遠得我不敢想，但他的鞭策令我有決心有動...
32
32
4次分享
讚好
回應
分享
2個回應
⁠
回應……
請按 Enter 鍵發佈。
"
88,Plan2Achieve,"
2017年1月16日
  ·
為夢想，你可以去到幾盡？67歲的榮叔，從養老金抽出一部分，前年年底開店，一圓25年來的夢。老來創業，既不簡單，又很浪漫。
67歲創業　只因夢想已在心底25年
年近古稀才來創業，只因心底有個夢。1990年，榮叔42歲，對廚藝略有心得，想開個店試試自己的能力。在念頭萌芽之時，他毅然辭去燒味部主管一職，月薪萬多元驟降至數千元，就是為了走進酒樓熱廚房，從最底層做起——清潔爐頭、洗刷用具，以了解廚房運作，為日後自己開店「做功課」。「做最細嗰位，自己走動（機會）大吖嘛，冇咁多嘢做，咁咪有時間去睇人囉，就算埋爐頭都有機會吖嘛。」不嫌地位低微，將每項功夫都視為踏近夢想的一步。榮叔憶述當時向酒樓多個部門師傅偷師，「嗰時我都好勤力，經常去問點心師傅，令自己盡量熟識個運作。整西餅我都有去睇人做，整西餅嗰啲好早㗎，自己咪早啲返到去睇吓佢點樣做法，由打蛋呀麵粉呀，到點樣焗。自己心目中想每樣都知道啲」。追夢的人，雖然辛苦，但幸福。⋯⋯ 查看更多
HK01.COM
【有心唔怕遲】籌備25年　67歲滷味師傅終達成創業夢
為夢想，你可以去到幾盡？67歲的榮叔，從養老金抽出一部分，前年年底開店，一圓25年來的夢。老來創業，既不簡單，又很浪漫。
258
258
7個回應
88次分享
讚好
回應
分享
7個回應
最相關
⁠
回應……
請按 Enter 鍵發佈。
張發源
佩服！！
讚好
 · 回覆 · 4年
檢視另3則回應
"
89,Plan2Achieve,"
2017年1月11日
  ·
近年香港學校常額教席不足，畢業生難以入行成為當前的社會現象；偏偏譚泳聰卻對這個「鐵飯碗」嗤之以鼻，放棄高薪厚職並一度轉職地盤工；
全因為一個野外定向走遍世界的夢想。
本地的山系「痴線佬」眾，筆者所以認識譚泳聰，全因去年11月尾毅行者時，他以一雙「人字拖」跨越100公里的麥理浩徑，成為當屆比賽的一事佳話。後來才發現，原來他從2012年至今都是香港定向代表運動員，因此訪問時他總是不斷呼籲其他越野跑手或行山人士千萬不要模仿，因為這場「遊戲」的背後，其實是20年野外定向訓練的扎實功夫。⋯⋯ 查看更多
HK01.COM
【拖鞋跑手．譚泳聰】棄教席以一雙「人字拖」野外定向　展現人比工具重要
205
205
5個回應
46次分享
讚好
回應
分享
5個回應
最相關
⁠
回應……
請按 Enter 鍵發佈。
Cliff Lam
加油!
讚好
 · 回覆 · 4年
查看另 1 則回應"
90,Plan2Achieve,"
2017年1月11日
  ·
近年香港學校常額教席不足，畢業生難以入行成為當前的社會現象；偏偏譚泳聰卻對這個「鐵飯碗」嗤之以鼻，放棄高薪厚職並一度轉職地盤工；
全因為一個野外定向走遍世界的夢想。
本地的山系「痴線佬」眾，筆者所以認識譚泳聰，全因去年11月尾毅行者時，他以一雙「人字拖」跨越100公里的麥理浩徑，成為當屆比賽的一事佳話。後來才發現，原來他從2012年至今都是香港定向代表運動員，因此訪問時他總是不斷呼籲其他越野跑手或行山人士千萬不要模仿，因為這場「遊戲」的背後，其實是20年野外定向訓練的扎實功夫。
「由於參加那次毅行者只為陪朋友，並非追求什麼成績，加上以這種速度完成100公里，對我來說沒有並無難度，所以決定著拖鞋應戰，一方面降低步速配合隊友，而且又可以引周圍的參加者一笑，覺得十分好玩而作出這個決定；而這次行動最終亦證明了我一空堅持的信念，就是與其依賴那些貴價波鞋，不如更努力練好自己的體能和肌肉，鞋子只能提供輔助和保護等功能，最重要的，還是要求運動者本身的能力。」譚泳聰說。
破格的思維加上多年訓練，最終譚泳聰以28小時16分完成創舉，由未期望過可成功走畢全程，到走了40公里，越過全程第二高的雞公山後，有感未至於太難而決定繼續；其實這條山野之路，跟譚泳聰的定向人生一樣，所有難以預計或掌握的變數，只有真正試過、走過才無悔。「拖鞋跑手」之稱呼，不過是對他最皮毛的認識。
後來譚泳聰入讀了中大體育系，運動生命已因定向運動而脫胎換骨，往日的肥仔變得活躍於划艇和欖球隊，可是定向的成績反而因由青年軍提升至成人組別的落差而大受影響，挫折感萌生而一度放棄；但隨著畢業之後投身教師工作，工餘訓練的時間愈見緊絀，這種由定向訓練出「檢討路徑」的性格再次展現。一星期7日，5至6日處理校園公作，根本無可能繼續分散精神在多個項目上，故譚泳聰反思之後決定找回那條最有能力創造人生傳奇的路，重投定向訓練，花了幾年時間爭取代表隊資格，並定下參加2012年瑞士舉行的世界賽目標，最終如願達成；香港定向隊由那年起成績漸見進步，並得到體院的乙級資助，卻成為了譚泳聰的「Happy Problem」。
得到體院資助，定向隊有資金參加更多比賽，亦代表譚泳聰需要經常告假作訓練和比賽，此舉令他感到無論對學生與同事皆不太公平，終決定辭職，跟隨其他野外定向界別的友人轉行到地盤紮鐵，以日薪計算的生活換取更靈活的時間分配，踏遍世界各國參與不同比賽；為了這種真誠嚮往的生活方式，去年底他更放下了工作，用了4個月走到瑞士、蘇格蘭、拉脫維亞和愛沙尼亞的山野比賽與遊歷。「或許在很多人眼中我是放棄了高薪與安穩，但這些經歷有錢都買不到。」譚泳聰說著，面上一臉自豪。那怕地盤的體力苛求，加上欠缺休息時間令譚泳聰積勞成傷，來到今天，亦不得不暫時停止地盤工作。
「你會後悔當日的決定嗎﹖」
「不會，再來一次依然一樣。很多人以為野外定向跟越野跑差不多，都是鬥體能的運動，但其實它包含很多技巧與知識，減少無謂體力消耗亦能做出更好成績，可謂鬥智鬥力。人生中很多領悟都是從野外定向中得來，勇於走別人不同的路，不代表一定沒有好結果，而且不斷經歷到精彩無悔的人生。我不但沒有後悔，而且會繼續。」譚泳聰說。
今年4月，譚泳聰將會先到波蘭參加排名賽，爭取7月愛沙尼亞的世界賽資格；他腳上那雙走越本地山野的拖鞋亦不止是意志的展現，而是代表著不斷挑戰人生、成就理想的堅持。
HK01.COM
【拖鞋跑手．譚泳聰】棄教席以一雙「人字拖」野外定向　展現人比工具重要
205
205
5個回應
46次分享
讚好
回應
分享
5個回應
最相關
⁠
回應……
請按 Enter 鍵發佈。
Cliff Lam
加油!
讚好
 · 回覆 · 4年
查看另 1 則回應
"
91,Plan2Achieve,"
2017年1月6日
  ·
有人會說：「香港哪有發明家、科學家？」事實上，是有的。32歲視野機械人公司創辦人兼首席研究員岑棓琛（Rex）研發了防山火機械人，偵察不尋常的熱源並作出通報，目前全球逾40個、共130萬公頃林業地點都採用。能延續小時夢想，Rex感謝父母從沒打擊他。
傳統森林防火依賴山火瞭望台上的人或閉路電視監控，但Rex研發的森林火險監控機械人，是全球首個能夠偵測出5公里半徑範圍內火災的監控系統，因應範圍內濕度、溫度、氣體濃度及紅外線指數的轉變，偵察不尋常的熱源，並能於0.5秒內將警報訊息傳送至系統控制員。
憑着這防山火機械人，Rex在2015年「IBM SmartCamp全球總決賽」獲選為全球年度創業家。
TOPICK.HKET.COM
防火機械人揚威國際 港產發明家岑棓琛：珍惜孩子最煩的時候 - 香港經濟日報 - TOPick - 新聞 - 社會
108
108
2個回應
29次分享
讚好
回應
分享
2個回應
最相關
⁠
回應……
請按 Enter 鍵發佈。
Elby Chan
繼續加油
讚好
 · 回覆 · 4年
"
92,Plan2Achieve,"
2017年1月5日
  ·
39
39
23次分享
讚好
回應
分享
1 個回應
⁠
回應……
請按 Enter 鍵發佈。
"
93,Plan2Achieve,"
2016年12月18日
  ·
「拉一把自己做嘅琴，係我最原始嘅夢想。」黃文輝毋忘初衷，明白學造琴、學提琴修復，一切由零開始、身邊人也如記者般問他，為什麼要向安逸說再見？「因為對我嚟講，錢唔係最重要，如果30歲之前，有個夢想你又唔完成，一路坐落去，就會離唔開呢個教席。」他形容自己「笨豬跳」，跳入一個未知數。
自言膽粗粗，結果他獲上海音樂學院取錄，讀提琴製作課程，一讀兩年，開始時學磨刀，一磨即見血，天氣凍、傷口久未癒合最難受；然後，他赴英到國際知名的提琴學校Newark School of Violin Making多讀三年，並到唐人餐館洗碗維生，難過時會問自己：「話晒香港大學碩士畢業，做咩我會喺度洗大餅？」
五年寒窗苦讀，他在音樂界遇上一些老前輩，對方建議他開工作室替人復修提琴，令他未做「提琴醫生」前，先要學做生意，帳目既真實、且嚇人：「試過扣晒租金之後，收入得四位數字、甚至三位數字。」
經前輩轉介提琴老師、學生，自己咬緊牙關，用身教告訴別人，實現一個夢想，甘苦夾雜：「回望呢條路係非常滿足，發現原來呢個世界好大，我發夢都冇諗過會遇到嘅人、事，又會遇到好出名嘅音樂家、提琴家，製琴科學家，甚至係拍賣行、博物館。」依他所知，在香港從事提琴復修只有約6人。
提琴復修，費用由一、二百元至無上限，有時還高於買一枝新的，但黃文輝指，提琴復修可把客人一些心愛的、具歷史價值、由名家製造、或曾由著名音樂家家演奏過的的提琴，得以保養，這與扔舊買新無關：「我會當提琴係一件藝術品，正如畢加索嘅畫，你唔會因為佢再冇觀賞價值而掉咗佢。」
HK.APPLE.NEXTMEDIA.COM
毋忘初衷棄鐵飯碗 36歲名校教師辭職追夢當「提琴醫生」
做教師猶如手執鐵飯碗，放棄教席追夢等同與生計作對，曾在名校瑪利曼中學任教科學的黃文輝是教育碩士、考獲...
31
31
10次分享
讚好
回應
分享
2個回應
⁠
回應……
請按 Enter 鍵發佈。
"
94,Plan2Achieve,"
2016年12月16日
  ·
你在等甚麼? What are you waiting for?
New Sight Congo 目養計劃
2016年12月16日
  ·
Your dugout canoe is ready and waiting.  Hop on board!
To find out more about New Sight:
https://www.youtube.com/watch?v=4IrBXWGeNSk
5
5
1 次分享
讚好
回應
分享
2個回應
⁠
回應……
請按 Enter 鍵發佈。
"
95,Plan2Achieve,"
2016年12月16日
  ·
自小想當科學家、35歲的中文大學醫學院化學病理學系助理教授呂愛蘭獲裘槎前瞻科研大獎，她在港碩士畢業後赴英美留學，研發出製造「心臟原祖細胞」技術，在動物實驗中令小鼠心臟血管增生，有望日後治療心臟病人。在香港土生土長的她，決定將技術帶回港，「我在這裏長大，希望香港可以與其他國家、西方國家競爭」，又笑言科研旅程有辛酸，但「做到時好有滿足感」！
NEWS.MINGPAO.COM
奪獎港學者研幹細胞治心臟病 SARS爆發促投身科研 「辛酸但有滿足感」 - 20161215 - 港聞 - 港聞二
83
83
14次分享
讚好
回應
分享
1 個回應
⁠
回應……
請按 Enter 鍵發佈。"
96,Plan2Achieve,"
2016年12月3日
  ·
阿成（化名）現時約四十歲，少時好頑皮，一向不喜歡讀書，後來竟然申請報讀公開大學遙距工商管理課程：「犯事入獄時只有中三程度，知道自己要逗留很久與其白白渡過，不如學習讀書吧！家人朋友都有做生意，讀工商管理用途感覺大點，和家人多點話題。」
與很多學生一樣，阿成平常會邊看書邊抄寫，不停背默應付考試。但步入中年記性愈來愈差，有時難免讀得很氣餒：「例如讀商業法一科，要背案例。年紀大紀性差，只好不斷默寫，強行記入腦。」考試順利嗎？他笑說：「Pass（合格）了！很開心。」不過他直言最大得著不是書本，而是人際技巧：「自己以前很容易與人爭吵，做很多事都不懂顧及他人感受，例如和其他囚友夾Band，選歌意見不合以前的我一定會企硬。直至在囚時讀書，例如課本有提過與客人溝通的技巧，當中有提及『雙贏』的概念，令我學習思考對方的需要，大家都退一步，與其他人相處好了。」
十年完成學位　珍惜與家人擁抱機會
幾經波折，他最後花十年時間完成學位，如願披上畢業袍，他滿足地說：「就算將來出去，我都想証明我有曾經努力改變自己。」不過同樣令他開心的是，他可以參加懲教署每年頒發證書予合格在囚人士的頒獎禮，為的只是不再隔着玻璃與家人談話，而是可以額外破例坐在一起：「慢慢年紀都好大，希望可以把握機會擁抱一下家人。十多年前問我一定說無可能，但最後都成功，很感謝家人一直很支持我，想讓他們知道我沒有浪費光陰，証明我係得的。」
HK.APPLE.NEXTMEDIA.COM
【鐵窗生涯】苦讀十年成學士 只為出席頒獎禮擁抱家人
一聽到監獄，不少人第一時間想起監獄風雲的灰暗畫面，不過現實就有在囚人士為了增值自己，選擇讀書渡過在囚...
141
141
3個回應
15次分享
讚好
回應
分享
3個回應
最相關
⁠
回應……
請按 Enter 鍵發佈。
Ida Sze
讚好
 · 回覆 · 4年
查看另 1 則回應
"
97,Plan2Achieve,"
2016年12月1日
  ·
他有一雙巧手，一顆不懼艱難的心，於是學着做出自己心裏的結他；結果，一是不做，一做就不罷休，從此踏上製琴師之路。沒有自信的沮喪少年在玩結他和做結他的過程，逐漸找到自己。
阿華說，每一支木結他都有生命。而阿華自己的生命也因為木結他而變得不同。
阿華來自一個五個子女的家庭，少年時代的他，人很沒自信，又不愛讀書，人很空白，好像什麼也不懂。阿華排行最小，以為最細最着數，但他在家中卻沒有特別得寵，他對音樂有興趣，偏偏家人對音樂冷漠如霜。阿華中學時代開始學鋼琴，父親聽了，卻澆上冷水，說鋼琴叮叮噹噹有什麼好聽？學結他才好，你看電視上的歌星自彈自唱多威水？後來阿華真的去社區中心學起結他來，父親卻又潑上另一盆冷水﹕「當時父親說，彈結他有什麼好？不好聽，拉小提琴才是音樂……」
學樂器被父親否定
爸爸雖然曾給阿華潑冷水，今天當兒子的談起往事，談起已過世的爸爸，卻只是淡然似水。很多傳統中國人父親都很嚴肅，與子女關係不親密、喜歡給子女壓力，他們認為這樣否定孩子，就是為父之道，阿華說他的爸爸正是這種典型，父與子之間沒有什麼過節，只是屬於兩個世界的人。「成長就是充滿挫敗……」七八十年代愛上電結他的青少年，在家庭和社區是孤獨的。
阿華說他建立自信，幾乎是廿七八歲的事。「少年在社區中心學結他班，只知每個chord（和弦）手指怎樣放，沒真正學懂結他。但我一直很熱愛結他，直到23歲那年，我遇上一位好老師，才明白如何運用chord，很感恩。這等於好教練，他不用跑得很快，但他能令你跑得好快。」因為逐漸彈得好，有人認同，那段時間，阿華已經開始從事舞台工作，工作也開始得到別人的肯定，阿華一點一滴建立起年輕人的自信。
沒有人知道為什麼，太陽總下到山的那一邊……多少的日子裏，總是一個人面對着天空發呆；就這麼好奇就這麼幻想，這麼孤單的童年——歌曲《童年》
順着對音樂和舞台的熱愛，阿華還走到社會運動的人群之中。很多年前，他開始愛上羅大佑，喜歡歌詞反映生活和社會現實，同時他又開始看「黑鳥樂隊」和「民眾劇場」的演出，逐漸問這個社會的公義和公平，也開始了舞台助理這條路。直到今天，他仍然喜歡羅大佑，仍然喜歡黑鳥，雖然他從來不屬於任何團體或組織，但只要他感到不公平和不公義，就會隻身走入示威人群之列。
「年輕人要多思考。我是從聽音樂開始學習許多事情。」他盯着面前兩支手工結他說﹕「好像聽音樂，年輕人可以從音樂方面找尋相關的事物，環環相扣，慢慢擴散。我也是音樂改變了我，聽到歌詞寫得好就去找樂評來看，音樂再帶動我看書，閱讀小說和散文，我看的書愈來愈多，接觸的東西愈來愈廣泛。」只要你踏出第一步，只要你變換被動的身分，主動摸索世界——環環相扣，慢慢擴散。
NEWS.MINGPAO.COM
年少孤獨 常遭父親「潑冷水」 製琴師邂逅自己最愛的結他 - 副刊 - People
28
28
8次分享
讚好
回應
分享
0個回應
⁠
回應……
請按 Enter 鍵發佈。
"
98,Plan2Achieve,"
2016年11月27日
  ·
// 熱廚房無年輕人願入……偏偏冒出個矢志學廚的高材生，不介意由劏魚洗菜做起。以為3分鐘熱度，卻一做3年。「呢度有我嘅夢想」。不介意3年又3年，9年計劃，邊學邊做，阿正堅定的說。 //
HK.APPLE.NEXTMEDIA.COM
【周末動人】劏魚洗菜3年埋鑊 大學生廚房佬熱廚房尋夢
張東正，24歲，3年前科大BBA畢業，現時是名人食肆富嘉閣「尾鑊」，11月代表香港，出戰中餐烹飪世界...
34
34
3次分享
讚好
回應
分享
1 個回應
⁠
回應……
請按 Enter 鍵發佈。
"
99,Plan2Achieve,"
2016年11月27日
  ·
一個膠樽如何帶來光明？
飲品膠樽通常只有被丟棄或循環再造兩種下場，「一公升的光」則在膠樽注滿稀釋了的漂白水，再於住戶的屋頂與天花之間開個洞口，把水樽放入即可。當陽光照射到水樽，光線就會折射到屋內，如有燈光把屋內照亮。雖然這個發明就如電影《國產零零漆》的「太陽能電筒」一樣，出太陽才有光，但對於許多沒有窗戶的菲律賓貧窮戶來說，日間在室內有光，就可進行讀書寫字等活動，而部份因病患或其他理由需長期留在室內的貧民，太陽能燈已是莫大恩賜。
為了使太陽能燈可於晚上應用，「一公升的光」近年以太陽能板、燈泡和電池製作可攜帶的太陽能燈，日間把陽光轉化成電力儲起，到晚上亦可大放光明，除了可安裝在天花，更會製作成手提燈和街燈，令貧窮戶晚上亦可安心踏出每一步。
NEWS.MINGPAO.COM
【短片】膠樽製太陽能燈照亮億計能源貧窮戶　「一公升的光」創辦人：「授之以漁」才能滅貧 (09:09) - 20161126 - 港聞
10
10
2次分享
讚好
回應
分享
1 個回應
⁠
回應……
請按 Enter 鍵發佈。
"
100,Plan2Achieve,"
2016年11月19日
  ·
王梓豪出生於一個基層家庭，媽媽是印尼華僑，遠嫁來港，爸爸在佐敦區做小販，家中除了他，還有一名弟弟。關於父母的愛情故事，他還未來得及探究，媽媽在王梓豪中一時，已因癌症過世，噩夢亦正式開始﹕「從小到大，我一直覺得爸爸偏心弟弟，我做什麼都是錯的，不知道為什麼？但媽媽在生時，她很疼愛我們，所以不公平的感覺沒有那麼強烈；她過世後，爸爸的偏心就非常明顯，每次和弟弟吵架，什麼都要我讓步，連弟弟都經常用言語辱罵我。」
王梓豪很想知道為什麼？但沒有人告訴他答案，他亦顧不了那麼多，因為在媽媽患病至過世的階段，他的學業大受影響，要重讀中一。「也是那一年，我遇上了改變我一生的低音大提琴。當時學校安排了導師到校，示範表演各種樂器，我一看完覺得很有型、很想學，於是回家請求爸爸，讓我參加學校的低音大提琴學習班，他不理我；我真的很想學，所以又自己跑去問大伯、二伯和姑媽，可不可以資助我學習？沒有人同意，可能他們覺得我不是認真的。」
他的堅持，只有學校的音樂老師見到，老師覺得他有天分，暗中幫他繳交了學費。「一年學費二千元，老師見我遲遲未繳交，了解過我的情况後，連續幫我交了三年，我才可以繼續學。」可惜爸爸始終未能認同他的認真，中二時甚至將他向學校借來的低音大提琴搬到垃圾房旁邊，但無損王梓豪學琴的決心。「那時有一種不想被家人『睇死』的心態，他們愈覺得我不行，我愈想做得好。」
NEWS.MINGPAO.COM
快餐店洗碗掙提琴學費： 一個少年人能承受多少挫折？ - 副刊 - People
【明報專訊】經常與朋友分享，撰寫人物專訪就像演員演戲，首先要投入角色，經歷對方的經歷；然後在當中找到感覺去演繹，只不過記者是透過文筆重演。要投入王梓豪這個角色，有點艱難，反差太大。表面履歷：演藝學院音樂系二年級生，主修低音大提琴。除了音樂，亦愛運動，尤其是滑浪，典型陽光男孩。背後經歷：父冷漠，母早逝，中學已要自力更生，通宵打工掙生活費，坎坷過粵語長片的慘情橋段。
2,216
2,216
87個回應
636次分享
讚好
回應
分享
87個回應
最相關
⁠
回應……
請按 Enter 鍵發佈。
Grace Kwan
呢個先係真真正正的傑青！
10
讚好
 · 回覆 · 4年
查看更多回應
顯示全部76個回應中的1個
"
101,Plan2Achieve,"
2016年10月30日
  ·
107
107
1 個回應
29次分享
讚好
回應
分享
1 個回應
最相關
⁠
回應……
請按 Enter 鍵發佈。
Tam Zoe
別看別人的眼光，我們只看神的榮耀！
讚好
 · 回覆 · 4年
"
102,Plan2Achieve,"
2016年9月22日
  ·
New Sight Congo 目養計劃
2016年9月22日
  ·
A brief introduction to the work of New Sight Eye Care, a charity pioneering a surgical eye centre in the Republic of Congo.
4
4
讚好
回應
分享
1 個回應
⁠
回應……
請按 Enter 鍵發佈。
"
103,Plan2Achieve,"
2016年9月21日
  ·
港爸 港媽
2016年9月19日
  ·
86
86
讚好
回應
分享
1 個回應
最相關
⁠
回應……
請按 Enter 鍵發佈。"
104,Plan2Achieve,"
2016年9月22日
  ·
New Sight Congo 目養計劃
2016年9月22日
  ·
A brief introduction to the work of New Sight Eye Care, a charity pioneering a surgical eye centre in the Republic of Congo.
4
4
讚好
回應
分享
1 個回應
⁠
回應……
請按 Enter 鍵發佈。
"
105,Plan2Achieve,"
2016年9月21日
  ·
港爸 港媽
2016年9月19日
  ·
86
86
讚好
回應
分享
1 個回應
最相關
⁠
回應……
請按 Enter 鍵發佈。
"
106,Plan2Achieve,"
2016年9月2日
  ·
好叻女！
// 多年來雖然看不見，觸不到，但小小嘴唇卻吻過無數文學經典，助「唇讀女生」曾芷君走過大學時光。尚餘一年就要告別大學校園，GPA（平均積點，滿分為4）高逾3.9的芷君不捨之餘亦正思考前路，自覺知識層面不夠廣闊，打算到海外升讀文化、社會學系。//
NEWS.MINGPAO.COM
news.mingpao.com
10
10
讚好
回應
分享
1 個回應
⁠
回應……
請按 Enter 鍵發佈。
"
107,Plan2Achieve,"
2016年8月28日
  ·
想得太多
一事無成
131
131
1 個回應
176次分享
讚好
回應
分享
1 個回應
最相關
⁠
回應……
請按 Enter 鍵發佈。
Aimee Lam
順其自然
讚好
 · 回覆 · 4年
"
108,Plan2Achieve,"
2016年8月28日
  ·
首架喺本港裝嵌同註冊嘅港產飛機「香港起飛Inspiration」，今朝8點半成功起飛喇！祝一切順利！
HK.APPLE.NEXTMEDIA.COM
【香港起飛】夢想成真！港產飛機早上成功起飛展開環球之旅
今天我們真的會飛了，獅子山下飛行夢正式劃破長空，翱翔天際。首架在本港裝嵌及註冊的港產飛機「香港起飛I...
56
56
7次分享
讚好
回應
分享
1 個回應
⁠
回應……
請按 Enter 鍵發佈。
"
109,Plan2Achieve,"
2016年8月26日
  ·
78
78
16次分享
讚好
回應
分享
1 個回應
⁠
回應……
請按 Enter 鍵發佈。
"
110,Plan2Achieve,"
2016年8月23日
  ·
衝上雲霄
2016年3月9日
  ·
  ·
澳洲機師課程免費簡介會: (詳情請電: 3421 0332)
第83場: 2017年3月24日星期五晚上7:30至9:00
網上登記：http://bit.ly/1R5QIJU
參加者可獲免費飛行理論課程，以及以優惠價報讀見習機師準備課程
5
5
讚好
回應
分享
1 個回應
⁠
回應……
請按 Enter 鍵發佈。
"
111,Plan2Achieve,"
2016年8月18日
  ·
金水
2016年8月15日
  ·
Sarah, 加油！
104
104
讚好
回應
分享
1 個回應
⁠
回應……
請按 Enter 鍵發佈。
"
112,Plan2Achieve,"
2016年8月15日
  ·
我見過你成功，見過你失落，未見過你放棄！
金水
2016年8月15日
  ·
Sarah, 加油！
141
141
讚好
回應
分享
1 個回應
⁠
回應……
請按 Enter 鍵發佈。
"
113,Plan2Achieve,"
2016年8月14日
  ·
夢想成真
Yvette Man-yi Kong 江忞懿
2016年8月13日
  ·
想同細細個嘅我講聲：「姐姐終於做到啦！廿年後夢想成真！」
My Olympic dream came true twenty years later!
15
15
讚好
回應
分享
1 個回應
⁠
回應……
請按 Enter 鍵發佈。"
114,Plan2Achieve,"
2016年8月15日
  ·
我見過你成功，見過你失落，未見過你放棄！
金水
2016年8月15日
  ·
Sarah, 加油！
141
141
讚好
回應
分享
1 個回應
⁠
回應……
請按 Enter 鍵發佈。
"
115,Plan2Achieve,"
2016年8月14日
  ·
夢想成真
Yvette Man-yi Kong 江忞懿
2016年8月13日
  ·
想同細細個嘅我講聲：「姐姐終於做到啦！廿年後夢想成真！」
My Olympic dream came true twenty years later!
15
15
讚好
回應
分享
1 個回應
⁠
回應……
請按 Enter 鍵發佈。
"
116,Plan2Achieve,"
2016年8月13日
  ·
191
191
2個回應
31次分享
讚好
回應
分享
2個回應
最相關
⁠
回應……
請按 Enter 鍵發佈。
Heyman Chan
不要相信自己，相信我
相信那一個相信你的我
讚好
 · 回覆 · 4年
"
117,Plan2Achieve,"
2016年8月13日
  ·
Keep your head high and just keep moving on!
""... he hugged me and said, 'you're only so young, you still have a long way to go. It's a learning experience so keep your head high and just keep moving on'.""
THESTANDNEWS.COM
菲比斯四年前鼓勵他的一番話　Schooling銘記於心　成就今日傳奇 | 立場報道 | 立場新聞
117
117
21次分享
讚好
回應
分享
1 個回應
⁠
回應……
請按 Enter 鍵發佈。
"
118,Plan2Achieve,"
2016年8月13日
  ·
【以破奧運紀錄成績打敗偶像】
里約奧運男子100米蝶泳金牌得主是新加坡的Joseph Schooling。
2008年，菲比斯到新加坡集訓，當時只有13歲的Joseph Schooling還含羞地找偶像合照。2016年，他們一起殺入奧運，惺惺相惜。
昨天，Joseph Schooling正式打敗偶像，為新加坡奪得史上第一面奧運金牌。
因為有夢，所以偉大 — 他們是真正的運動員。
來源：100毛、AP、news.asiaone
336
336
27次分享
讚好
回應
分享
1 個回應
⁠
回應……
請按 Enter 鍵發佈。
"
119,Plan2Achieve,"
2016年8月12日
  ·
零下30度，晨早6時練過早課，滴着水的一把長髮，都轉眼結成小冰塊。這樣的非人生活，「小美人魚」何詩蓓（Siobhan）早已習慣，也從不計較。堅持換來成果，她前天創下香港歷史，成為首名躋身奧運游泳準決賽的女飛魚，以行動勉勵港人，只要相信自己，你就可以做到。
自去年9月負笈美國密歇根大學，她每天清晨5時15分起床，回到學校泳池練水2小時，8時半急急回到課室上課，下午2時半又重返泳池練習，4時45分做半小時負重等陸地訓練，還要埋首書本與功課作戰。密歇根天氣極端，冬天試過攝氏零下30度，訓練不會因而停止，Siobhan也咬緊牙關堅持下去：「沒有特別原因，泳隊是不容許遲到或缺席，記得試過有次下雪，我練過早水趕上課，回校路上走在戶外，濕漉漉的頭髮都結冰了。」
「當贏出的一刻，你就知道無論有多辛苦，能陪與一班戰友一同努力、付出，換來成果，再辛苦也是值得」。
NEWS.MINGPAO.COM
何詩蓓笑對孤苦 「只要信，就做到」 - 20160811 - 體育 - 體育
【明報專訊】零下30度，晨早6時練過早課，滴着水的一把長髮，都轉眼結成小冰塊。這樣的非人生活，「小美人魚」何詩蓓（Siobhan）早已習慣，也從不計較。堅持換來成果，她前天創下香港歷史，成為首名躋身奧運游泳準決賽的女飛魚，以行動勉勵港人，只要相信自己，你就可以做到。
58
58
7次分享
讚好
回應
分享
1 個回應
⁠
回應……
請按 Enter 鍵發佈。
"
120,Plan2Achieve,"
2016年8月11日
  ·
好感人~
111
111
2個回應
59次分享
讚好
回應
分享
2個回應
最相關
⁠
回應……
請按 Enter 鍵發佈。
Mei Yi Ng
There are many ways to share the meaning of succeed
讚好
 · 回覆 · 4年
你選擇了「最相關」，因此系統可能已過濾掉部分回應。
"
121,Plan2Achieve,"
2016年8月10日
  ·
「個個都覺得埃塞俄比亞人擅長跑步，好似每個人都鍾意跑步。
但我唔想，我想游水。」
HK.APPLE.NEXTMEDIA.COM
【里約奧運】志在參與 埃塞俄比亞泳手肚腩矚目
游泳從來不是黑人強項，非洲埃塞俄比亞一位男泳手，卻以其不甚標準的身型惹人注意，其肚腩尤其矚目。
62
62
1 次分享
讚好
回應
分享
1 個回應
⁠
回應……
請按 Enter 鍵發佈。"
122,Plan2Achieve,"
2016年8月11日
  ·
好感人~
111
111
2個回應
59次分享
讚好
回應
分享
2個回應
最相關
⁠
回應……
請按 Enter 鍵發佈。
Mei Yi Ng
There are many ways to share the meaning of succeed
1
讚好
 · 回覆 · 4年
你選擇了「最相關」，因此系統可能已過濾掉部分回應。
"
123,Plan2Achieve,"
2016年8月10日
  ·
「個個都覺得埃塞俄比亞人擅長跑步，好似每個人都鍾意跑步。
但我唔想，我想游水。」
HK.APPLE.NEXTMEDIA.COM
【里約奧運】志在參與 埃塞俄比亞泳手肚腩矚目
游泳從來不是黑人強項，非洲埃塞俄比亞一位男泳手，卻以其不甚標準的身型惹人注意，其肚腩尤其矚目。
62
62
1 次分享
讚好
回應
分享
1 個回應
⁠
回應……
請按 Enter 鍵發佈。
"
124,Plan2Achieve,"
2016年8月9日
  ·
金水
2016年8月9日
  ·
好叻呀！！！
NEWS.MINGPAO.COM
【香港勁揪】「小美人魚」何詩蓓游入里約準決賽　創港泳隊歷史！ (00:19) - 20160809 - 體育
26
26
讚好
回應
1 個回應
⁠
回應……
請按 Enter 鍵發佈。
"
125,Plan2Achieve,"
2016年8月7日
  ·
Inspiring!
HuffPost 
2016年8月4日
  ·
Motivational Philosopher Jay Shetty explains how failures are only failures when we don't learn from them.
20
20
2個回應
讚好
回應
分享
2個回應
最相關
⁠
回應……
請按 Enter 鍵發佈。
Quokka Yu
Jin Xiao
讚好
 · 回覆 · 5年 · 已編輯
"
126,Plan2Achieve,"
2016年8月6日
  ·
33
33
12次分享
讚好
回應
分享
1 個回應
⁠
回應……
請按 Enter 鍵發佈。
"
127,Plan2Achieve,"
2016年7月30日
  ·
18
18
10次分享
讚好
回應
分享
1 個回應
⁠
回應……
請按 Enter 鍵發佈。
"
128,Plan2Achieve,"
2016年7月30日
  ·
Rethinking School Education
2016年7月19日
  ·
一切真學習源於自我內在動機…
~ R.S.E.
123
123
讚好
回應
分享
1 個回應
⁠
回應……
請按 Enter 鍵發佈。
"
129,Plan2Achieve,"
2016年7月28日
  ·
恩賢 GraceYard
2012年7月28日
  ·
奧運精神!
30
30
讚好
回應
分享
1 個回應
⁠
回應……
請按 Enter 鍵發佈。
"
130,Plan2Achieve,"
2016年7月20日
  ·
New City Education
2016年7月14日
  ·
Break out of your comfort zone!
39
39
1 次分享
讚好
回應
分享
1 個回應
⁠
回應……
請按 Enter 鍵發佈。
"
131,Plan2Achieve,"
2016年7月12日
  ·
30
30
5次分享
讚好
回應
分享
1 個回應
⁠
回應……
請按 Enter 鍵發佈。
"
132,Plan2Achieve,"
2016年7月12日
  ·
婆婆姓朴，今年剛好 80 歲。韓戰以後的 1956 年，她成功考取入讀梨花女子大學，成為當時大學生。1958 年，亦即她大學三年級之際，朴婆婆決定與她的男友結婚。但原來一直以來，梨花女子大學也有一項規定，女校學生一旦在學期間成婚，便不能再繼續留校讀書。另外，作為家中 7 兄弟姊妹大姊姊，她的父親因為希望她早日放棄學業並成婚，到社會工作並養活家人之餘，也把讀書的機會留給自己的弟妹。所以，縱然她尤其喜歡讀書，但也無可奈何地被迫放棄她的大學學位。
一切直至 2003 年，梨花女子大學宣佈將會取締自 19 世紀末建校以來的校規，容許已婚女士可以繼續升讀大學，並且批准那些曾經因此被取消學生資格的舊學生，可以重新再次申請入學。當年，以 67 歲之齡的朴婆婆，雖然每天也要花費大量時間照顧卧病在床的丈夫，但也無阻她再次成為大學生的慾望。每天，她透過乘車時間努力讀書，在學校裡也經常逃避被學校警衛誤以為她是小販婆婆的追趕。最終，於 2005 年，她成功完成學業，正式成為梨花女子大學的畢業生。
畢業以後的朴婆婆，原來也未有放棄繼續讀書，她再進一步修讀復康與福祉學。⋯⋯ 查看更多
THESTANDNEWS.COM
韓國婆婆花 50 年讀畢大學的感人故事 | 鍾樂偉 | 立場新聞
上周，韓國 KBS 長壽綜藝節目《兩天一夜》，製作了第二季的大學特輯，邀請了一眾節目主持，包括...
612
612
11個回應
145次分享
讚好
回應
分享
11個回應
最相關
⁠
回應……
請按 Enter 鍵發佈。
Cordelia Chung
超毅力，敬佩！！
讚好
 · 回覆 · 5年
檢視另5則回應"
133,Plan2Achieve,"
2016年7月20日
  ·
New City Education
2016年7月14日
  ·
Break out of your comfort zone!
39
39
1 次分享
讚好
回應
分享
1 個回應
⁠
回應……
請按 Enter 鍵發佈。
"
134,Plan2Achieve,"
2016年7月12日
  ·
30
30
5次分享
讚好
回應
分享
1 個回應
⁠
回應……
請按 Enter 鍵發佈。
"
135,Plan2Achieve,"
2016年7月12日
  ·
婆婆姓朴，今年剛好 80 歲。韓戰以後的 1956 年，她成功考取入讀梨花女子大學，成為當時大學生。1958 年，亦即她大學三年級之際，朴婆婆決定與她的男友結婚。但原來一直以來，梨花女子大學也有一項規定，女校學生一旦在學期間成婚，便不能再繼續留校讀書。另外，作為家中 7 兄弟姊妹大姊姊，她的父親因為希望她早日放棄學業並成婚，到社會工作並養活家人之餘，也把讀書的機會留給自己的弟妹。所以，縱然她尤其喜歡讀書，但也無可奈何地被迫放棄她的大學學位。
一切直至 2003 年，梨花女子大學宣佈將會取締自 19 世紀末建校以來的校規，容許已婚女士可以繼續升讀大學，並且批准那些曾經因此被取消學生資格的舊學生，可以重新再次申請入學。當年，以 67 歲之齡的朴婆婆，雖然每天也要花費大量時間照顧卧病在床的丈夫，但也無阻她再次成為大學生的慾望。每天，她透過乘車時間努力讀書，在學校裡也經常逃避被學校警衛誤以為她是小販婆婆的追趕。最終，於 2005 年，她成功完成學業，正式成為梨花女子大學的畢業生。
畢業以後的朴婆婆，原來也未有放棄繼續讀書，她再進一步修讀復康與福祉學。到了今天 80 歲，她仍然在進修音樂，學會 7 樣不同的樂器，給那些患病人士表演。她的最終目標，是能夠學會 10 樣不同的樂器，讓自己每一天不斷學習和增值。
朴婆婆最後的一番說話，亦是最打動人心的，「雖然我並不能精於每一樣樂器，但作為一位已年達 80 的老婆婆，我每天也會抱著想學新事物而生活下去。妳們不需要模仿我而活，只是要相信自己，是有能力達成妳的夢想，那便已足夠了。在經歷過 80 年的人生以後，我的總結是，我們的人生雖然每一天都面對著數之不盡的挑戰，但妳們不需要每一樣東西也要花盡所有力氣去完成它，因為要走的路，慢慢地走也能完成，正如龜兔賽跑一樣，縱然兔子快一點完成了，但其實最後龜也可以到達終點。我花了 50 年時間才完成我的夢想，所以，最重要的其實是不要害怕開展的你的夢想，一步步地走堅持下去，最終她們也會如我一樣成功的。」
THESTANDNEWS.COM
韓國婆婆花 50 年讀畢大學的感人故事 | 鍾樂偉 | 立場新聞
上周，韓國 KBS 長壽綜藝節目《兩天一夜》，製作了第二季的大學特輯，邀請了一眾節目主持，包括...
612
612
11個回應
145次分享
讚好
回應
分享
11個回應
最相關
⁠
回應……
請按 Enter 鍵發佈。
Cordelia Chung
超毅力，敬佩！！
讚好
 · 回覆 · 5年
檢視另5則回應
"
136,Plan2Achieve,"
2016年7月7日
  ·
299
299
215次分享
讚好
回應
分享
2個回應
最相關
⁠
回應……
請按 Enter 鍵發佈。
"
137,Plan2Achieve,"
2016年7月2日
  ·
103
103
7次分享
讚好
回應
分享
1 個回應
⁠
回應……
請按 Enter 鍵發佈。
"
138,Plan2Achieve,"
2016年7月2日
  ·
輸在起跑線又如何? 只要不放棄，總有機會和希望！
3,886
3,886
298個回應
5,300次分享
讚好
回應
分享
298個回應
最相關
⁠
回應……
請按 Enter 鍵發佈。
Keat Chum
强，没到最后还不知道谁胜谁败
讚好
 · 回覆 · 1年
查看更多回應
顯示全部215個回應中的1個"
139,Plan2Achieve,"
1
讚好
 · 回覆 · 5年
"
140,Plan2Achieve,"
2016年6月21日
  ·
恩賢 GraceYard 和 Shelia Wong 在一起
2016年6月20日
  ·
真好的教育制度！每個人都有公平的上學機會！
來源: 9gag / 翻譯: 同學
238
238
讚好
回應
分享
1 個回應
⁠
回應……
請按 Enter 鍵發佈。
"
141,Plan2Achieve,"
2016年6月6日
  ·
355
355
7個回應
135次分享
讚好
回應
分享
7個回應
最相關
⁠
回應……
請按 Enter 鍵發佈。
Benny Benny
真的, 人再好還是會被討厭
6
讚好
 · 回覆 · 5年
查看另 1 則回應
"
142,Plan2Achieve,"
2016年6月2日
  ·
137
137
69次分享
讚好
回應
分享
0個回應
⁠
回應……
請按 Enter 鍵發佈。
"
143,Plan2Achieve,"
2016年5月30日
  ·
恩賢 GraceYard 和 Mary Cheung 及 Tokan Chung 在一起
2016年5月26日
  ·
203
203
1 次分享
讚好
回應
分享
4個回應
⁠
回應……
請按 Enter 鍵發佈。
"
144,Plan2Achieve,"
2016年5月29日
  ·
53
53
20次分享
讚好
回應
分享
1 個回應
⁠
回應……
請按 Enter 鍵發佈。
"
145,Plan2Achieve,"
2016年5月27日
  ·
如何活出美好人生？
每日英語
2016年5月27日
  ·
美好人生 - 不視任何事為理所當然、多做、少慾、保持微笑、心懷夢想、時常大笑並知足。
----
英文再起步: http://tinyurl.com/mackzg4
單對單英語: http://tinyurl.com/nj53d99
51
51
讚好
回應
分享
1 個回應
⁠
回應……
請按 Enter 鍵發佈。
"
146,Plan2Achieve,"
2016年5月22日
  ·
窮過，甚至自殺過，Wayne一直渴望回饋社會。2014年創立社企「加油香港」，他立志要給予基層巿民有質素的生活用品。這個目標，年少時已訂下。
12歲來港與父團聚，Wayne與父親、妹妹、繼母和弟弟一起擠進深水埗的小單位裏。當時舊唐樓天台有3間「姑婆屋」，Wayne無數次見到獨居婆婆撿來過期、發霉的食物吃得上吐下瀉，但病好後又周而復始去撿食物。「我有得揀咩？」婆婆的一句烙在腦海裏——窮，原來沒有選擇。
如今辦公桌上，是Wayne為低收入一群創造的選擇。開展事業前做過調查，知道日用品佔基層開支的一半，要幫得「到位」、搔到癢處，便從最直接的入手。「就算窮都要有得揀，都要有有質素的生活用品。窮，也值得過有尊嚴的生活。」
HK01.COM
【創業過來人】從受助到助人　百萬年薪CEO為基層加油
位於牛頭角的辦公室內，Wayne的工作枱對著一個格子櫃，裏面放著食用油、牙膏、米、清潔劑與燈泡。Wayne提起3支裝600毫升的「加油香港」牌食用油，……
114
114
6個回應
25次分享
讚好
回應
分享
6個回應
最相關
⁠
回應……
請按 Enter 鍵發佈。
Mandy Hon
讚好
 · 回覆 · 5年
檢視另2則回應
"
147,Plan2Achieve,"
2016年5月20日
  ·
【日頭讀書夜晚清潔   54歲大學看更畢業了】
人生低谷不是終點，美國一名男子證明憑努力絕對可以重新出發！麻省一所大學的清潔工毅力驚人，晚上在校園清潔倒垃圾，日間勤奮諗書，堅持8年後終於完成課程取得學士學位。
這個勵志故事的主角是沃德爾（Michael Vaudreuil），他上周六以54歲之齡在麻省伍斯特理工學院（Worcester Polytechnic Institute）的機械工程學系畢業。⋯⋯ 查看更多
133
133
4個回應
26次分享
讚好
回應
分享
4個回應
最相關
⁠
回應……
請按 Enter 鍵發佈。
Fatfatfat Christopherfat
今時不同往日水平不同了
讚好
 · 回覆 · 5年
你選擇了「最相關」，因此系統可能已過濾掉部分回應。"
148,Plan2Achieve,"
2016年5月22日
  ·
窮過，甚至自殺過，Wayne一直渴望回饋社會。2014年創立社企「加油香港」，他立志要給予基層巿民有質素的生活用品。這個目標，年少時已訂下。
12歲來港與父團聚，Wayne與父親、妹妹、繼母和弟弟一起擠進深水埗的小單位裏。當時舊唐樓天台有3間「姑婆屋」，Wayne無數次見到獨居婆婆撿來過期、發霉的食物吃得上吐下瀉，但病好後又周而復始去撿食物。「我有得揀咩？」婆婆的一句烙在腦海裏——窮，原來沒有選擇。
如今辦公桌上，是Wayne為低收入一群創造的選擇。開展事業前做過調查，知道日用品佔基層開支的一半，要幫得「到位」、搔到癢處，便從最直接的入手。「就算窮都要有得揀，都要有有質素的生活用品。窮，也值得過有尊嚴的生活。」
HK01.COM
【創業過來人】從受助到助人　百萬年薪CEO為基層加油
位於牛頭角的辦公室內，Wayne的工作枱對著一個格子櫃，裏面放著食用油、牙膏、米、清潔劑與燈泡。Wayne提起3支裝600毫升的「加油香港」牌食用油，……
114
114
6個回應
25次分享
讚好
回應
分享
6個回應
最相關
⁠
回應……
請按 Enter 鍵發佈。
Mandy Hon
讚好
 · 回覆 · 5年
檢視另2則回應
"
149,Plan2Achieve,"
2016年5月20日
  ·
【日頭讀書夜晚清潔   54歲大學看更畢業了】
人生低谷不是終點，美國一名男子證明憑努力絕對可以重新出發！麻省一所大學的清潔工毅力驚人，晚上在校園清潔倒垃圾，日間勤奮諗書，堅持8年後終於完成課程取得學士學位。
這個勵志故事的主角是沃德爾（Michael Vaudreuil），他上周六以54歲之齡在麻省伍斯特理工學院（Worcester Polytechnic Institute）的機械工程學系畢業。
2008年經濟不景時沃德爾被迫申請破產，房屋和汽車被收回，經營了24年的泥水公司亦陷於停頓，他多次應徵建築行業工作但始終無法找到一份穩定工作，最後在理工學院任夜更管理員，人工雖少一半，但福利不錯，他可以免費就讀學校課程。
沃德爾決定善用福利獲取知識，早上做功課，下午3時至晚上11時上班清潔教學大樓洗手間和抺地；雖與妻子相處時間極少，但他沒有放棄，還比別人更勤力，每學期修兩個課程，努力終於有回報，他順利畢業了。
沃德爾說自己「40多歲時失去一切」，幸好他決心進修，「這是我面前唯一的機會，最後一班列車要開出月台了，我必須登上，並努力完成它」。
在畢業儀式上，大學校長萊什來（Laurie A. Leshin）在演講中大讚沃德爾，「沃德爾可以在任何時候放棄，但他沒有。今日，他54歲，沃德爾取得機械工程學位。這是毅力」。沃德爾站起來，謙虛地鞠躬，全場師生為他歡呼鼓掌。
美國有線新聞網絡/《華盛頓郵報》
133
133
4個回應
26次分享
讚好
回應
分享
4個回應
最相關
⁠
回應……
請按 Enter 鍵發佈。
Fatfatfat Christopherfat
今時不同往日水平不同了
讚好
 · 回覆 · 5年
你選擇了「最相關」，因此系統可能已過濾掉部分回應。
"
150,Plan2Achieve,"
2016年5月19日
  ·
同意的，請讚！
763
763
19個回應
207次分享
讚好
回應
分享
19個回應
最相關
⁠
回應……
請按 Enter 鍵發佈。
Sun Ting
有时是的，有时都不易，另外一个觉得难的是放手但不放弃
讚好
 · 回覆 · 5年
檢視另9則回應
"
151,Plan2Achieve,"
2016年5月17日
  ·
67
67
11次分享
讚好
回應
分享
2個回應
⁠
回應……
請按 Enter 鍵發佈。
"
152,Plan2Achieve,"
2016年5月15日
  ·
176
176
5個回應
73次分享
讚好
回應
分享
5個回應
最相關
⁠
回應……
請按 Enter 鍵發佈。
黃麗妃
岩 幾差既日子過左就雨過天晴
讚好
 · 回覆 · 5年
檢視另2則回應
"
153,Plan2Achieve,"
2016年5月14日
  ·
1,395
1,395
9個回應
887次分享
讚好
回應
分享
9個回應
最相關
⁠
回應……
請按 Enter 鍵發佈。
Vivi Chan
借圖，謝謝！
1
讚好
 · 回覆 · 5年
檢視另3則回應
"
154,Plan2Achieve,"
2016年5月11日
  ·
一年一度的柏林戲劇節開幕，劇本市集的徵集活動，近日公佈結果。編劇甄拔濤入圍最後五強，成為首名香港人獲此殊榮。甄拔濤對入圍感到激動，直言：「嘗試開闢的道路，想不到這麼快便實現了。」
THESTANDNEWS.COM
首名港人獲柏林戲劇節表揚　甄拔濤：實現了開闢新路 | 立場報道 | 立場新聞
6
6
3次分享
讚好
回應
分享
0個回應
⁠
回應……
請按 Enter 鍵發佈。
"
155,Plan2Achieve,"
2016年5月8日
  ·
祝各位媽媽母親節快樂！
港爸 港媽
2016年5月8日
  ·
164
164
讚好
回應
分享
0個回應
⁠
回應……
請按 Enter 鍵發佈。
"
156,Plan2Achieve,"
2016年5月5日
  ·
追夢小先鋒
2014年11月28日
  ·
68
68
1 個回應
讚好
回應
分享
1 個回應
最相關
⁠
回應……
請按 Enter 鍵發佈。
New Ng
树大根深, 遇风不倒。
讚好
 · 回覆 · 5年
"
157,Plan2Achieve,"
2016年4月10日
  ·
被譽為「氣球界奧斯卡」的世界扭氣球大賽昨在美國舉行，3名香港青年聯同台灣及澳門伙伴，擊敗全球60個國家地區、逾800名氣球師，成為首支港人隊伍奪得扭氣球世界冠軍，揚威海外。
他們的巨型氣球作品名為「海王」，闊183cm、長183cm、高280cm，隊員先在透明氣球內染色，再造出波浪的效果，另加上聲效感應及背景音樂、燈光，讓觀眾走近作品時，海王便會發出叫喊聲。
44
44
9次分享
讚好
回應
分享
0個回應
⁠
回應……
請按 Enter 鍵發佈。
"
158,Plan2Achieve,"
2016年4月10日
  ·
有意思！
恩賢 GraceYard
2016年4月6日
  ·
  ·
很有意思的一個實驗
====
恩賢成人進修課程:
詳情: http://http://adults.graceyard.edu.hk/
48
48
讚好
回應
分享
0個回應
⁠
回應……
請按 Enter 鍵發佈。"
159,Plan2Achieve,"
2016年4月10日
  ·
被譽為「氣球界奧斯卡」的世界扭氣球大賽昨在美國舉行，3名香港青年聯同台灣及澳門伙伴，擊敗全球60個國家地區、逾800名氣球師，成為首支港人隊伍奪得扭氣球世界冠軍，揚威海外。
他們的巨型氣球作品名為「海王」，闊183cm、長183cm、高280cm，隊員先在透明氣球內染色，再造出波浪的效果，另加上聲效感應及背景音樂、燈光，讓觀眾走近作品時，海王便會發出叫喊聲。
44
44
9次分享
讚好
回應
分享
0個回應
⁠
回應……
請按 Enter 鍵發佈。
"
160,Plan2Achieve,"
2016年4月10日
  ·
有意思！
恩賢 GraceYard
2016年4月6日
  ·
  ·
很有意思的一個實驗
====
恩賢成人進修課程:
詳情: http://http://adults.graceyard.edu.hk/
48
48
讚好
回應
分享
0個回應
⁠
回應……
請按 Enter 鍵發佈。
"
161,Plan2Achieve,"
2016年3月30日
  ·
加油！加油！加油！
eye4gift.com
2016年3月27日
  ·
總之要加油！加油！加油！
~~~~~~
eye4gift.com - Inspiring Gift Ideas!
6
6
1 個回應
讚好
回應
分享
1 個回應
最相關
⁠
回應……
請按 Enter 鍵發佈。
無限正能量
早安!讓感恩成為習慣，你會發現擁有的其實更多
讚好
 · 回覆 · 5年
"
162,Plan2Achieve,"
2016年3月29日
  ·
夢想成為有經驗和事佬!!
尋求實習機會夢想，為開拓調解服務的人士!!
中國婚姻調和發展培訓免費簡介會
日期及時間：2016年4月1日（五）晚上7:30至9:00
地點：恩賢教育中心 (油麻地彌敦道518號彌敦行二樓全層)
登記：http://tinyurl.com/nt4kzrg
#調解 #婚姻調和 #婚姻調解 #婚姻關係
2
2
讚好
回應
分享
0個回應
⁠
回應……
請按 Enter 鍵發佈。
"
163,Plan2Achieve,"
2016年3月28日
  ·
香港地
2016年3月28日
  ·
【香港地教育】認同嘅，請Like/Share!
62
62
2個回應
1 次分享
讚好
回應
分享
2個回應
最相關
⁠
回應……
請按 Enter 鍵發佈。
Yeung Ying
讀書 溫默書 預默 默書 溫書
測驗 溫書 考試
課外活動 補中 補英 補數 ⋯⋯ 查看更多
讚好
 · 回覆 · 5年
查看另 1 則回應
"
164,Plan2Achieve,"
2016年3月28日
  ·
如果你不能飛，跑吧！如果不能跑的，走吧！如果不能走就爬！無論如何，都要一直勇往直前！ - 馬丁路得．金 
""If you can't fly then run, if you can't run then walk, if you can't walk then crawl, but whatever you do you have to keep moving forward."" ― Martin Luther King, Jr.
102
102
1 個回應
50次分享
讚好
回應
分享
1 個回應
最相關
⁠
回應……
請按 Enter 鍵發佈。
無限正能量
感恩
讚好
 · 回覆 · 5年
"
165,Plan2Achieve,"
2016年3月27日
  ·
""有時候，我們活得很累，並非生活過於刻薄，而是我們太容易被外界的氛圍所感染，被他人的情緒所左右。行走在人群中，我們總是感覺有無數穿心掠肺的目光，有很多飛短流長的冷言，最終亂了心神，漸漸被縛於自己編織的一團亂麻中。其實你是活給自己看的，沒有多少人能夠把你留在心上。"" - 白岩松
81
81
25次分享
讚好
回應
分享
0個回應
⁠
回應……
請按 Enter 鍵發佈。
"
166,Plan2Achieve,"
2016年3月26日
  ·
59
59
6次分享
讚好
回應
分享
0個回應
⁠
回應……
請按 Enter 鍵發佈。"
167,Plan2Achieve,"
2016年3月28日
  ·
如果你不能飛，跑吧！如果不能跑的，走吧！如果不能走就爬！無論如何，都要一直勇往直前！ - 馬丁路得．金 
""If you can't fly then run, if you can't run then walk, if you can't walk then crawl, but whatever you do you have to keep moving forward."" ― Martin Luther King, Jr.
102
102
1 個回應
50次分享
讚好
回應
分享
1 個回應
最相關
⁠
回應……
請按 Enter 鍵發佈。
無限正能量
感恩
讚好
 · 回覆 · 5年
"
168,Plan2Achieve,"
2016年3月27日
  ·
""有時候，我們活得很累，並非生活過於刻薄，而是我們太容易被外界的氛圍所感染，被他人的情緒所左右。行走在人群中，我們總是感覺有無數穿心掠肺的目光，有很多飛短流長的冷言，最終亂了心神，漸漸被縛於自己編織的一團亂麻中。其實你是活給自己看的，沒有多少人能夠把你留在心上。"" - 白岩松
81
81
25次分享
讚好
回應
分享
0個回應
⁠
回應……
請按 Enter 鍵發佈。
"
169,Plan2Achieve,"
2016年3月26日
  ·
59
59
6次分享
讚好
回應
分享
0個回應
⁠
回應……
請按 Enter 鍵發佈。
"
170,Plan2Achieve,"
2016年3月25日
  ·
如果你不快樂，那就出去走走、世界這麼大。風景很美、機會很多、人生很短，不要躲縮於陰影中。
80
80
1 個回應
24次分享
讚好
回應
分享
1 個回應
最相關
⁠
回應……
請按 Enter 鍵發佈。
無限正能量
揪感心
讚好
 · 回覆 · 5年
"
171,Plan2Achieve,"
2016年3月25日
  ·
世上只有想不通的人，沒有走不通的路。
167
167
1 個回應
37次分享
讚好
回應
分享
1 個回應
最相關
⁠
回應……
請按 Enter 鍵發佈。
New Ng
不 会 掉 下 去 。
1
讚好
 · 回覆 · 5年
"
172,Plan2Achieve,"
2016年3月25日
  ·
112
112
3個回應
85次分享
讚好
回應
分享
3個回應
最相關
⁠
回應……
請按 Enter 鍵發佈。
Maggie Yeung
只有4，18
讚好
 · 回覆 · 5年
檢視另2則回應
"
173,Plan2Achieve,"
2016年3月24日
  ·
23
23
9次分享
讚好
回應
分享
0個回應
⁠
回應……
請按 Enter 鍵發佈。
"
174,Plan2Achieve,"
2016年3月24日
  ·
尋求實習機會夢想，為開拓調解服務的人士!!
中國婚姻調和發展培訓免費簡介會
日期及時間：2016年4月1日（五）晚上7:30至9:00
地點：恩賢教育中心 (油麻地彌敦道518號彌敦行二樓全層)  ⋯⋯ 查看更多
DOCS.GOOGLE.COM
婚姻調解發展及調解現況免費講座
日期： 第五場: 1. 2016年4月1日（五）時間：晚上7:30至9:00 地點：恩賢教育中心 (油麻地彌敦道518號彌敦行二樓全層) 內容: 香港調解的情況; 內地調解的情況及發展…
1
1
1 次分享
讚好
回應
分享
0個回應
⁠
回應……
請按 Enter 鍵發佈。
"
175,Plan2Achieve,"
2016年3月23日
  ·
Never give in! 永不放棄！
eye4gift.com
2016年3月22日
  ·
絕不屈服！絕不，絕不，絕不…
~~~~~~
eye4gift.com - Inspiring Gift Ideas!
7
7
讚好
回應
分享
0個回應
⁠
回應……
請按 Enter 鍵發佈。
"
176,Plan2Achieve,"
2016年3月22日
  ·
學海無涯，日本一位96歲老伯仍然好學，花了11年時間，在京都造型藝術大學修畢陶藝課程，成為全球最老大學畢業生。
平田繁實周在校長尾池和夫手上接過畢業證書，正式成為全球最老大學畢業生，他表示﹕「能夠快樂讀書真幸福，感謝給予我支持的人士，也慶幸能夠健康活著。」
日本新聞網
61
61
4次分享
讚好
回應
分享
0個回應
⁠
回應……
請按 Enter 鍵發佈。
"
177,Plan2Achieve,"
2016年3月21日
  ·
2
2
4次分享
讚好
回應
分享
0個回應
⁠
回應……
請按 Enter 鍵發佈。
"
178,Plan2Achieve,"
2016年3月19日
  ·
47
47
13次分享
讚好
回應
分享
0個回應
⁠
回應……
請按 Enter 鍵發佈。"
179,Plan2Achieve,"
2016年3月24日
  ·
尋求實習機會夢想，為開拓調解服務的人士!!
中國婚姻調和發展培訓免費簡介會
日期及時間：2016年4月1日（五）晚上7:30至9:00
地點：恩賢教育中心 (油麻地彌敦道518號彌敦行二樓全層)  
詳情：http://tinyurl.com/nt4kzrg
#調解 #婚姻調和 #婚姻調解 #婚姻關係
DOCS.GOOGLE.COM
婚姻調解發展及調解現況免費講座
日期： 第五場: 1. 2016年4月1日（五）時間：晚上7:30至9:00 地點：恩賢教育中心 (油麻地彌敦道518號彌敦行二樓全層) 內容: 香港調解的情況; 內地調解的情況及發展…
1
1
1 次分享
讚好
回應
分享
0個回應
⁠
回應……
請按 Enter 鍵發佈。
"
180,Plan2Achieve,"
2016年3月23日
  ·
Never give in! 永不放棄！
eye4gift.com
2016年3月22日
  ·
絕不屈服！絕不，絕不，絕不…
~~~~~~
eye4gift.com - Inspiring Gift Ideas!
7
7
讚好
回應
分享
0個回應
⁠
回應……
請按 Enter 鍵發佈。
"
181,Plan2Achieve,"
2016年3月22日
  ·
學海無涯，日本一位96歲老伯仍然好學，花了11年時間，在京都造型藝術大學修畢陶藝課程，成為全球最老大學畢業生。
平田繁實周在校長尾池和夫手上接過畢業證書，正式成為全球最老大學畢業生，他表示﹕「能夠快樂讀書真幸福，感謝給予我支持的人士，也慶幸能夠健康活著。」
日本新聞網
61
61
4次分享
讚好
回應
分享
0個回應
⁠
回應……
請按 Enter 鍵發佈。
"
182,Plan2Achieve,"
2016年3月21日
  ·
2
2
4次分享
讚好
回應
分享
0個回應
⁠
回應……
請按 Enter 鍵發佈。
"
183,Plan2Achieve,"
2016年3月19日
  ·
47
47
13次分享
讚好
回應
分享
0個回應
⁠
回應……
請按 Enter 鍵發佈。
"
184,Plan2Achieve,"
2016年3月18日
  ·
86
86
25次分享
讚好
回應
分享
0個回應
⁠
回應……
請按 Enter 鍵發佈。
"
185,Plan2Achieve,"
2016年3月16日
  ·
""Life is not about finding yourself, it's about creating yourself."" 
- George Bernard Shaw
人生不是在於尋找自己，而是在於創造自己。
14
14
13次分享
讚好
回應
分享
0個回應
⁠
回應……
請按 Enter 鍵發佈。
"
186,Plan2Achieve,"
2016年3月16日
  ·
When I look back on all these worries, I remember the story of the old man who said on his deathbed that he had had a lot of trouble in his life, most of which had never happened. -Churchill
當我回顧所有的煩惱時，想起一位老人的故事，他臨終前說：一生中煩惱太多，但大部分擔憂的事情卻從來沒有發生過。 ━━━邱吉爾
43
43
22次分享
讚好
回應
分享
0個回應
⁠
回應……
請按 Enter 鍵發佈。
"
187,Plan2Achieve,"
2016年3月15日
  ·
做回真正的自己！Be Yourself !
eye4gift.com
2016年3月14日
  ·
做回真正的自己！
~~~~~
eye4gift.com - Inspiring Gift Ideas!
21
21
讚好
回應
分享
0個回應
⁠
回應……
請按 Enter 鍵發佈。
"
188,Plan2Achieve,"
2016年3月14日
  ·
人生有很多事情是自己無法掌控的，但我們卻可以掌控自己，我們可以決定要把時間花在哪裡，決定我們要做哪些事，人生要活得漂亮，從掌控自己的時間，避免把時間花在那些不值得你去做得事情上。
把時間花在對的地方，人生最不值得你去做的10件事：
1. 浪費時間在錯誤的人身上
2. 逃避問題⋯⋯ 查看更多
TOPICK.HKET.COM
時間應花在對的地方　人生最不值得去做的10件事 - 香港經濟日報 - TOPick - 文章 - City
111
111
63次分享
讚好
回應
分享
2個回應
最相關
⁠
回應……
請按 Enter 鍵發佈。"
189,Plan2Achieve,"
2016年3月16日
  ·
When I look back on all these worries, I remember the story of the old man who said on his deathbed that he had had a lot of trouble in his life, most of which had never happened. -Churchill
當我回顧所有的煩惱時，想起一位老人的故事，他臨終前說：一生中煩惱太多，但大部分擔憂的事情卻從來沒有發生過。 ━━━邱吉爾
43
43
22次分享
讚好
回應
分享
0個回應
⁠
回應……
請按 Enter 鍵發佈。
"
190,Plan2Achieve,"
2016年3月15日
  ·
做回真正的自己！Be Yourself !
eye4gift.com
2016年3月14日
  ·
做回真正的自己！
~~~~~
eye4gift.com - Inspiring Gift Ideas!
21
21
讚好
回應
分享
0個回應
⁠
回應……
請按 Enter 鍵發佈。
"
191,Plan2Achieve,"
2016年3月14日
  ·
人生有很多事情是自己無法掌控的，但我們卻可以掌控自己，我們可以決定要把時間花在哪裡，決定我們要做哪些事，人生要活得漂亮，從掌控自己的時間，避免把時間花在那些不值得你去做得事情上。
把時間花在對的地方，人生最不值得你去做的10件事：
1. 浪費時間在錯誤的人身上
2. 逃避問題
3. 嘗試做另一個人
4. 活在過去
5. 害怕犯錯
6. 猶豫不決
7. 跟別人比較
8. 抱怨
9. 做自己不想做得事
10. 太遲開始追求自己想要的的人生
TOPICK.HKET.COM
時間應花在對的地方　人生最不值得去做的10件事 - 香港經濟日報 - TOPick - 文章 - City
111
111
63次分享
讚好
回應
分享
2個回應
最相關
⁠
回應……
請按 Enter 鍵發佈。
"
192,Plan2Achieve,"
2016年3月13日
  ·
沒有激情，人生皆枉然！
35
35
3個回應
8次分享
讚好
回應
分享
3個回應
最相關
⁠
回應……
請按 Enter 鍵發佈。
Ivan Lui
一個人凡事皆能夠從正反兩面去想事情，我地稱之為理性；但人生缺乏了激情，亦很難幹得出驚天動地的事！
讚好
 · 回覆 · 5年
"
193,Plan2Achieve,"
2016年3月13日
  ·
和尚問小和尚：“如果你前進一步是死，後退一步則亡，你該怎麼辦？”小和尚毫不猶豫地說：“我往旁邊去。” 
天無絕人之路，人生路上遭遇進退兩難的境況時，換個角度思考，也許就會明白：路的旁邊還是路。
105
105
53次分享
讚好
回應
分享
1 個回應
⁠
回應……
請按 Enter 鍵發佈。
"
194,Plan2Achieve,"
2016年3月13日
  ·
83
83
3個回應
13次分享
讚好
回應
分享
3個回應
最相關
⁠
回應……
請按 Enter 鍵發佈。
Xin Tin
陽光的人是我好不好
讚好
 · 回覆 · 5年
你選擇了「最相關」，因此系統可能已過濾掉部分回應。
"
195,Plan2Achieve,"來自 恩賢 GraceYard
2016年3月11日
  ·
大笑能讓你發放正能量，找回小孩的創造力，帶來更多可能性。
大笑更可延展人與人之間的關係，增強個人親和力。
大笑能釋放日常的負能量，短時間內自我調整個人狀態，提昇效能。
詳情: http://bit.ly/1TQIH2m
ADULTS.GRACEYARD.EDU.HK
成人大笑瑜伽班
為生命帶來更多笑聲、注入正面的能量
4
4
讚好
回應
分享
0個回應
⁠
回應……
請按 Enter 鍵發佈。
"
196,Plan2Achieve,"
2016年3月11日
  ·
同意嗎?
431
431
194次分享
讚好
回應
分享
0個回應
⁠
回應……
請按 Enter 鍵發佈。
"
197,Plan2Achieve,"
2016年3月10日
  ·
12
12
3次分享
讚好
回應
分享
0個回應
⁠
回應……
請按 Enter 鍵發佈。
"
198,Plan2Achieve,"
2016年3月9日
  ·
好天一直在，只是有時飛得不夠高，看不見。
eye4gift.com
2016年3月9日
  ·
好天一直在，只是有時飛得不夠高，看不見。
~~~~~
eye4gift.com - Inspiring Gift Ideas!
23
23
讚好
回應
分享
0個回應
⁠
回應……
請按 Enter 鍵發佈。"
199,Plan2Achieve,"
2016年3月11日
  ·
同意嗎?
431
431
194次分享
讚好
回應
分享
0個回應
⁠
回應……
請按 Enter 鍵發佈。
"
200,Plan2Achieve,"
2016年3月10日
  ·
12
12
3次分享
讚好
回應
分享
0個回應
⁠
回應……
請按 Enter 鍵發佈。
"
201,Plan2Achieve,"
2016年3月9日
  ·
好天一直在，只是有時飛得不夠高，看不見。
eye4gift.com
2016年3月9日
  ·
好天一直在，只是有時飛得不夠高，看不見。
~~~~~
eye4gift.com - Inspiring Gift Ideas!
23
23
讚好
回應
分享
0個回應
⁠
回應……
請按 Enter 鍵發佈。
"
202,Plan2Achieve,"
2016年3月7日
  ·
捨我其誰? 更待何時?
eye4gift.com
2016年3月7日
  ·
If not you, who? 
If not now, when?
~~~~~
eye4gift.com - Inspiring Gift Ideas!
9
9
讚好
回應
分享
0個回應
⁠
回應……
請按 Enter 鍵發佈。
"
203,Plan2Achieve,"
2016年3月6日
  ·
365
365
5個回應
193次分享
讚好
回應
分享
5個回應
最相關
⁠
回應……
請按 Enter 鍵發佈。
Mika Hayashi
讚好
 · 回覆 · 5年
檢視另4則回應
"
204,Plan2Achieve,"
2016年3月5日
  ·
搵好工
2016年3月4日
  ·
莊偉忠十大金句：
一、打工不過係我的副業，我的正職係做人
二、「顧客永遠是對的」呢句話係錯嘅
三、生意唔係大晒，道德大，人嘅價值更大
四、與工作談戀愛，蠢到不得了⋯⋯ 查看更多
80
80
讚好
回應
分享
0個回應
⁠
回應……
請按 Enter 鍵發佈。
"
205,Plan2Achieve,"
2016年3月2日
  ·
151
151
1 個回應
50次分享
讚好
回應
分享
1 個回應
最相關
⁠
回應……
請按 Enter 鍵發佈。
New Ng
哦 ! 马 上 探 讨 !
讚好
 · 回覆 · 5年
"
206,Plan2Achieve,"
2016年3月2日
  ·
Victory won’t come to me unless I go to it. 
勝利是不會向我走來的，我必須自己走向勝利。
37
37
10次分享
讚好
回應
分享
0個回應
⁠
回應……
請按 Enter 鍵發佈。
"
207,Plan2Achieve,"
2016年3月1日
  ·
每日英語
2016年3月1日
  · 香港
  ·
Remember, happiness doesn't depend upon who you are or what you have; it depends solely upon what you think. 
請記住，幸福不在於你是誰或者你擁有什麼; 而僅僅取決於你的心態！
13
13
1 次分享
讚好
回應
分享
0個回應
⁠
回應……
請按 Enter 鍵發佈。"
208,Plan2Achieve,"
2016年3月2日
  ·
Victory won’t come to me unless I go to it. 
勝利是不會向我走來的，我必須自己走向勝利。
37
37
10次分享
讚好
回應
分享
0個回應
⁠
回應……
請按 Enter 鍵發佈。
"
209,Plan2Achieve,"
2016年3月1日
  ·
每日英語
2016年3月1日
  · 香港
  ·
Remember, happiness doesn't depend upon who you are or what you have; it depends solely upon what you think. 
請記住，幸福不在於你是誰或者你擁有什麼; 而僅僅取決於你的心態！
13
13
1 次分享
讚好
回應
分享
0個回應
⁠
回應……
請按 Enter 鍵發佈。
"
210,Plan2Achieve,"
2016年2月29日
  ·
除了你自己外，沒有人能決定你的幸福。
每日英語
2016年2月29日
  · 香港
  ·
No one is in charge of your happiness except yourself. 
除了你自己外，沒有人能決定你的幸福。
-----
英文再起步: http://tinyurl.com/mackzg4
單對單英語: http://tinyurl.com/nj53d99
20
20
讚好
回應
分享
0個回應
⁠
回應……
請按 Enter 鍵發佈。
"
211,Plan2Achieve,"
2016年2月23日
  ·
值得支持！
香港地美食
2016年2月23日
  ·
數年前餐廳老闆羅小姐發現，政府對聽障人士資助不足，希望開餐廳可為聾人提供工作機會，令他們自力更生，更重要是讓他們接觸社會上不同的人，擴闊社交圈子。她感觸：「好多聽障人士因聽不到，而不敢同人溝通，成日收埋自己。亦有不少人將聾與啞劃上等號，這是錯的。聾人都可說話，只要我們慢慢教，溝通無難度。」餐廳內除了廚房全是健聽人士，水⋯⋯ 查看更多
WEEKENDHK.COM
撐小店！無聲勝有聲 聾健合作西餐廳|紅磡有咩好食|
「這裡很靜，有時餐具的碰撞聲，比人聲還要大。」這就是餐廳給陳小姐的印象。餐廳95% 員工都是聽障人士，平日也以手語溝通，但客人手舞足蹈地用身體語言跟侍應對話，又是另一種無聲的熱鬧。 黑衫是聽障員工，佔餐廳的95% ；白衫是健全人士。 不論員工是健全或聽障人士，平時都會用身體語言溝通，無隔膜。 數年...
5
5
讚好
回應
0個回應
⁠
回應……
請按 Enter 鍵發佈。
"
212,Plan2Achieve,"
2016年2月17日
  ·
Every man dies, not every man really lives. --Brave Heart 
每個人都要死，但不是每個人都真正活過。
17
17
4次分享
讚好
回應
分享
0個回應
⁠
回應……
請按 Enter 鍵發佈。
"
213,Plan2Achieve,"
2016年2月17日
  ·
For the love of dream, so everything for the dream to pay is worth it. 
因為熱愛夢想，所以一切為了夢想的付出都是值得的。
25
25
5次分享
讚好
回應
分享
0個回應
⁠
回應……
請按 Enter 鍵發佈。
"
214,Plan2Achieve,"
2016年2月17日
  ·
發人深省！
每日英語
2016年2月16日
  · 香港
  ·
Thought provoking (發人深省)
60
60
讚好
回應
分享
0個回應
⁠
回應……
請按 Enter 鍵發佈。
"
215,Plan2Achieve,"
2016年2月4日
  ·
尋求實習機會夢想，為開拓調解服務的人士!!
中國婚姻調和發展培訓免費簡介會
日期及時間：
1. 2016年2月26日（五）時間：晚上7:30至9:00⋯⋯ 查看更多
DOCS.GOOGLE.COM
婚姻調解發展及調解現況免費講座
日期：2015年11月30日 (星期一) 時間：晚上7:30至9:30 地點：恩賢教育中心 (油麻地彌敦道518號彌敦行二樓全層) 內容: 香港調解的情況; 內地調解的情況及發展 對象: 對調解有興趣; 或正修讀或已修畢調解課程的同學
讚好
回應
分享
"
216,Plan2Achieve,"
2016年2月2日
  ·
俾心機！
eye4gift.com
2016年2月2日
  ·
俾心機呀！你一定得嘅！
~~~~~
eye4gift.com - Inspiring Gift Ideas!
4
4
讚好
回應
分享
0個回應
⁠
回應……
請按 Enter 鍵發佈。"
217,Plan2Achieve,"
2016年2月4日
  ·
尋求實習機會夢想，為開拓調解服務的人士!!
中國婚姻調和發展培訓免費簡介會
日期及時間：
1. 2016年2月26日（五）時間：晚上7:30至9:00
2. 2016年3月4日（五）時間：晚上7:30至9:00
詳情：http://tinyurl.com/nt4kzrg
#調解 #婚姻調和 #婚姻調解 #婚姻關係
DOCS.GOOGLE.COM
婚姻調解發展及調解現況免費講座
日期：2015年11月30日 (星期一) 時間：晚上7:30至9:30 地點：恩賢教育中心 (油麻地彌敦道518號彌敦行二樓全層) 內容: 香港調解的情況; 內地調解的情況及發展 對象: 對調解有興趣; 或正修讀或已修畢調解課程的同學
讚好
回應
分享
"
218,Plan2Achieve,"
2016年2月2日
  ·
俾心機！
eye4gift.com
2016年2月2日
  ·
俾心機呀！你一定得嘅！
~~~~~
eye4gift.com - Inspiring Gift Ideas!
4
4
讚好
回應
分享
0個回應
⁠
回應……
請按 Enter 鍵發佈。
"
219,Plan2Achieve,"
2016年1月30日
  ·
非常珍貴的舊香港照片，滿載香港人的集體回憶。
+2743
昔日香港
2013年5月18日
  ·
156
156
2個回應
讚好
回應
分享
2個回應
最相關
⁠
回應……
請按 Enter 鍵發佈。
Kenjo Sum
讚好
 · 回覆 · 5年
查看另 1 則回應
"
220,Plan2Achieve,"
2016年1月22日
  ·
小時候，不曉得什麼是夢想，什麼是追求，只知道一台可以飛翔的紙飛機飛上天空的時候心裡是多麼的痛快。或許在那時夢想就已經被載入紙飛機。我們的視線緊緊地抓住它，心也跟著飛起來了，那時候多麼嚮往一種跟紙飛機一樣快樂自由的生活。一些夢想雖然還未成型，但已開始萌芽。
歲月慢慢消失，卻忘了帶走記憶。那些夢想被擱淺在小時代的海灣，像貝殼一樣親吻著沙灘，長不大，也消失不去，就是留在那裡佔用我們的記憶空間。有時候想想兒時那些有些稚嫩卻充滿期待的夢想，何嘗不是一種享受，但也是傷感的，我們只能隔著厚厚的雲層觀望那些像貝殼一樣的夢想在那裡躺著，無人問津。想對它們說一聲，對不起，我沒能實現。
如果，我可以乘坐時光機，形狀像小時折的紙飛機那樣的機器，回到那個時空，我會小心翼翼地撿起你們，裝進我的心盒，不讓你們再經受風浪的欺凌，不讓你們孤獨地泊在那裡。如果……，等我。
12
12
3次分享
讚好
回應
分享
0個回應
⁠
回應……
請按 Enter 鍵發佈。
"
221,Plan2Achieve,"
2016年1月16日
  ·
One can choose to go back toward safety or forward toward growth. Growth must be chosen again and again; fear must be overcome again and again.
一個人可以選擇往後走向安全或往前走向成長。成長必須一次次被選擇；恐懼必須一次次被克服。
24
24
7次分享
讚好
回應
分享
0個回應
⁠
回應……
請按 Enter 鍵發佈。
"
222,Plan2Achieve,"
2016年1月16日
  ·
天氣咁凍，大家記得著暖d ！
HKERMALL.COM
「我係香港人」衞衣及拉鍊外套現正特價發售！
HKerMall.com: 香港人嘅購物網
9
9
讚好
回應
分享
0個回應
⁠
回應……
請按 Enter 鍵發佈。
"
223,Plan2Achieve,"
2016年1月12日
  ·
十年磨一劍，時裝設計師黃琪（Kay）剛好花十年做靚成績表，最近卻宣告收劍入鞘。十年前創立品牌Daydream Nation，由無人認識到進駐地舖、商場，走上國際時裝舞台後，設計受Chanel青睞，買走其一系列設計，高跟鞋得到Jimmy Choo讚賞。正處小高峯，竟狠心揮別多年心血，我都替她揼心口。Kay嘆氣：「都會不捨得，所以思前想後考慮了年幾，但我現在真的急需按restart掣，因為fast fashion太恐怖了。」平安夜，去到Kay位於長沙灣工業大廈即將關閉的工作室，她戴上多年前設計的鹿角帽子，感覺很誇張夢幻，很配合其自稱「daydreamer」的身份。工作室正舉行賣物會，積存十年的衣飾必須快快清空。
未講新計劃，先舊事重提。未成立Daydream Nation前，Kay在大型時裝公司擔任設計師，職責是一天到晚上網追蹤各大品牌動向、緊貼當季潮流，然後參考設計，無錯，即是抄款。「好悶，跟我想像中的設計師差好遠。」順帶一提，該品牌的網頁仍標誌「創新」是其品牌精神，笑了。悶爆離職，剛好弟弟黃靖畢業，兩人聯手成立時裝品牌Daydream Nati⋯⋯ 查看更多
HK.APPLE.NEXTMEDIA.COM
十年堅持夢仍未變　創作人活在香港的新希望
【專題籽：胚芽故事】香港不是鼓勵創意的城市，跟別人講創作音樂、設計時裝、拍攝電影，大家會擔心...
9
9
3次分享
讚好
回應
分享
0個回應
⁠
回應……
請按 Enter 鍵發佈。
"
224,Plan2Achieve,"
2016年1月11日
  ·
只要你相信前方有路，堅定地朝你要的方向走，終會找到出路。
62
62
21次分享
讚好
回應
分享
0個回應
⁠
回應……
請按 Enter 鍵發佈。
"
225,Plan2Achieve,"
2016年1月11日
  ·
社署與東華三院合辦的「壯志驕陽」嘉許禮今日舉行，表揚向受社署署長監護的兒童及青少年，今屆有44位兒童和青少年獲獎，其中22人獲頒最佳成就獎，童童是其中一人。
童童今年19歲，就讀教育學院社會科學一年級，也擔任宿生會主席，「覺得大學生活唔止讀書，想做多啲活動，唔想之後後悔」。7歲前的最後記憶，是在街上暈倒，「應該係冇食嘢」，醒來已在病床，由社署接管，從此不用再受父母傷害，也再沒有一家人的經歷，每逢節慶，她都是一個人或跟朋友度過，「家人係與生俱來，人人都有，但自己冇」。
由細到大童童都不喜歡在人前落淚，「小學時有段期間唔開心，但我冇同人講，自己喺張床度喊，好憎自己，喊得好辛苦」。記憶始終揮之不去，「唔明白點解屋企人咁對我」。入住兒童之家，遇上社工姨姨，是她成長路上的重要角色，「經常鼓勵我，即使背景係咁，都可以生活得好好」；還自費讓她學習鋼琴，發展一技之長，「即使冇屋企人，都可以靠自己活落去」。⋯⋯ 查看更多
184
184
9個回應
48次分享
讚好
回應
分享
9個回應
最相關
⁠
回應……
請按 Enter 鍵發佈。
Bess Hung
有不等於好，有時候寧願無好過⋯⋯因為經常在身邊但完全無視，不尊重，不包容，不信任，不真心，不支持，這樣仲辛苦！
讚好
 · 回覆 · 5年
檢視另8則回應
"
226,Plan2Achieve,"
2016年1月10日
  ·
快樂其實可以很簡單！
48
48
13次分享
讚好
回應
分享
0個回應
⁠
回應……
請按 Enter 鍵發佈。"
227,Plan2Achieve,"
2016年1月11日
  ·
只要你相信前方有路，堅定地朝你要的方向走，終會找到出路。
62
62
21次分享
讚好
回應
分享
0個回應
⁠
回應……
請按 Enter 鍵發佈。
"
228,Plan2Achieve,"
2016年1月11日
  ·
社署與東華三院合辦的「壯志驕陽」嘉許禮今日舉行，表揚向受社署署長監護的兒童及青少年，今屆有44位兒童和青少年獲獎，其中22人獲頒最佳成就獎，童童是其中一人。
童童今年19歲，就讀教育學院社會科學一年級，也擔任宿生會主席，「覺得大學生活唔止讀書，想做多啲活動，唔想之後後悔」。7歲前的最後記憶，是在街上暈倒，「應該係冇食嘢」，醒來已在病床，由社署接管，從此不用再受父母傷害，也再沒有一家人的經歷，每逢節慶，她都是一個人或跟朋友度過，「家人係與生俱來，人人都有，但自己冇」。
由細到大童童都不喜歡在人前落淚，「小學時有段期間唔開心，但我冇同人講，自己喺張床度喊，好憎自己，喊得好辛苦」。記憶始終揮之不去，「唔明白點解屋企人咁對我」。入住兒童之家，遇上社工姨姨，是她成長路上的重要角色，「經常鼓勵我，即使背景係咁，都可以生活得好好」；還自費讓她學習鋼琴，發展一技之長，「即使冇屋企人，都可以靠自己活落去」。
哭過後漸漸放下怨恨，社工的扶持令她也不再執着，「好多嘢過咗去就算」，還為自己的生命塗上彩虹。自幼英文學不好，從不合格，成績徘徊在全級百多名，中四起發奮讀書，文憑試英文科考獲第三級合格成績，「追得好辛苦」，終順利升讀大學，夢想是當鋼琴教師。走出陰霾的她，正朝目標進發。她勉勵面對同樣遭遇或困境的青少年，「就算冇屋企人，就算唔開心，都可以靠自己，讀書又好，學興趣又好，都可以生活落去。
念小六那年童童跟父親重聚，儘管現時每隔2個月會見面一次，但父女關係始終陌生，沒有話題，她也沒打算同住，「我覺得好多嘢都返唔到轉頭，始終點都好，唔能夠完全地放低，嗰種隔膜唔可以話有方法消除，點都會有少少」。
http://hk.apple.nextmedia.com/....../news/20160109/54627547
184
184
9個回應
48次分享
讚好
回應
分享
9個回應
最相關
⁠
回應……
請按 Enter 鍵發佈。
Bess Hung
有不等於好，有時候寧願無好過⋯⋯因為經常在身邊但完全無視，不尊重，不包容，不信任，不真心，不支持，這樣仲辛苦！
讚好
 · 回覆 · 5年
檢視另8則回應
"
229,Plan2Achieve,"
2016年1月10日
  ·
快樂其實可以很簡單！
48
48
13次分享
讚好
回應
分享
0個回應
⁠
回應……
請按 Enter 鍵發佈。
"
230,Plan2Achieve,"
2016年1月3日
  ·
加州大學洛杉磯分校（UCLA）的一位神經科學學家Alex Korb就以神經科學的角度，歸納出5種可以讓大家得到快樂的習慣。
一、聽最快樂年代的歌
二、面掛笑容
三、為生活設定目標
四、瞓得好
五、戒掉拖字訣
HK.APPLE.NEXTMEDIA.COM
【每日健康】新年新開始　建立5種快樂習慣
過去一年，香港人看盡這麼多荒謬事，開懷笑難，多的是無奈苦笑恥笑。加州大學洛杉磯分校（UCLA）的一位...
77
77
44次分享
讚好
回應
分享
1 個回應
最相關
⁠
回應……
請按 Enter 鍵發佈。
"
231,Plan2Achieve,"
2016年1月3日
  ·
有線新聞 - 小事大意義
2015年12月30日
  ·
《小事大意義  - 點亮剛果》預告
攝製隊首次衝出亞洲，飛往地球另一端 - 剛果共和國。《點亮剛果》系列一連五集介紹香港土生土長的女醫生Joyce，如何與擔任眼科手術技師的丈夫在他鄉設立非牟利眼科中心，讓當地人走出黑暗。
今個星期日 (1月3日)《小事大意義》約定你⋯⋯ 查看更多
8
8
讚好
回應
分享
0個回應
⁠
回應……
請按 Enter 鍵發佈。
"
232,Plan2Achieve,"
2016年1月1日
  ·
We do not need magic to transform our world. We carry all of the power we need inside ourselves already.--J. K. Rowling
改變世界不需要魔法，只要我們發揮出內在的力量。
36
36
13次分享
讚好
回應
分享
0個回應
⁠
回應……
請按 Enter 鍵發佈。
"
233,Plan2Achieve,"
2016年1月1日
  ·
與其後悔過去，不如奮鬥將來。
We’d better struggle for the future rather than regret for the past.
91
91
29次分享
讚好
回應
分享
0個回應
⁠
回應……
請按 Enter 鍵發佈。
"
234,Plan2Achieve,"
2016年1月1日
  ·
71
71
14次分享
讚好
回應
分享
0個回應
⁠
回應……
請按 Enter 鍵發佈。
"
235,Plan2Achieve,"
2015年12月28日
  ·
新的一年又到了，快訂下新年計劃，不要讓自己將來後悔！
865
865
20個回應
791次分享
讚好
回應
分享
20個回應
最相關
⁠
回應……
請按 Enter 鍵發佈。
Mattaios HO
19)
讚好
 · 回覆 · 5年 · 已編輯
檢視另9則回應"
236,Plan2Achieve,"
2016年1月1日
  ·
71
71
14次分享
讚好
回應
分享
0個回應
⁠
回應……
請按 Enter 鍵發佈。
"
237,Plan2Achieve,"
2015年12月28日
  ·
新的一年又到了，快訂下新年計劃，不要讓自己將來後悔！
865
865
20個回應
791次分享
讚好
回應
分享
20個回應
最相關
⁠
回應……
請按 Enter 鍵發佈。
Mattaios HO
19)
讚好
 · 回覆 · 5年 · 已編輯
檢視另9則回應
"
238,Plan2Achieve,"
2015年12月24日
  ·
人生永遠都是現場直播，沒有綵排，也不可重新來過。
92
92
24次分享
讚好
回應
分享
0個回應
⁠
回應……
請按 Enter 鍵發佈。
"
239,Plan2Achieve,"
2015年12月22日
  ·
同意嗎?
192
192
252次分享
讚好
回應
分享
0個回應
⁠
回應……
請按 Enter 鍵發佈。
"
240,Plan2Achieve,"
2015年12月12日
  ·
Always be a first-rate version of yourself, instead of a second-rate version of somebody else.
永遠都要做最好的自己，而不是次好的別人。
29
29
9次分享
讚好
回應
分享
0個回應
⁠
回應……
請按 Enter 鍵發佈。
"
241,Plan2Achieve,"
2015年12月7日
  ·
Life was like a box of chocolates. You never know what you're going to get.  生命就像一盒巧克力，結果往往出人意料。
69
69
21次分享
讚好
回應
分享
0個回應
⁠
回應……
請按 Enter 鍵發佈。
"
242,Plan2Achieve,"
2015年12月5日
  ·
【上天雖然安排他們有一雙看不見的眼睛，但他們並沒有看不見自己的未來】
跟據香港統計處資料顯示，香港現有約17.5萬名視障人仕，當中只有約一成人有就業的機會。視障人仕當中不乏高學歷者，然而社會普遍對他們的能力存在成見，所以他們往往只能找到一些普通的工作。
唔通，睇唔到既人就真的只可以從事按摩等工作，成世沒有發揮的機會？有見及此，兩位 80 後希望以創新的眾籌方式 (Crowd-Funding) ，成立一間心靈Café，聘請視障人仕，為他們制造更多的就業機會，讓他們有一個發揮的平台，更重要是能喚醒社會大眾對視障人仕平等的看待…..⋯⋯ 查看更多
20
20
2次分享
讚好
回應
分享
0個回應
⁠
回應……
請按 Enter 鍵發佈。
"
243,Plan2Achieve,"
2015年12月3日
  ·
Michael Jordan 成功之道
""I've missed more than 9000 shots and lost almost 300 games in my career. I can accept failure but I can't accept not trying. That is why I succeed.""
我曾射失超過9000球及輸掉300場比賽。我可以接受失敗但不接受從不去嘗試。所以我能夠成功。
26
26
8次分享
讚好
回應
分享
0個回應
⁠
回應……
請按 Enter 鍵發佈。
"
244,Plan2Achieve,"
2015年12月3日
  ·
""Your work is going to fill a large part of your life, and the only way to be truly satisfied is to do what you believe is great work."" --Steve Jobs
成就一番偉業的唯一途徑就是熱愛自己的事業。
45
45
14次分享
讚好
回應
分享
0個回應
⁠
回應……
請按 Enter 鍵發佈。
"
245,Plan2Achieve,"
2015年12月2日
  ·
171
171
87次分享
讚好
回應
分享
0個回應
⁠
回應……
請按 Enter 鍵發佈。"
246,Plan2Achieve,"
2015年12月5日
  ·
【上天雖然安排他們有一雙看不見的眼睛，但他們並沒有看不見自己的未來】
跟據香港統計處資料顯示，香港現有約17.5萬名視障人仕，當中只有約一成人有就業的機會。視障人仕當中不乏高學歷者，然而社會普遍對他們的能力存在成見，所以他們往往只能找到一些普通的工作。
唔通，睇唔到既人就真的只可以從事按摩等工作，成世沒有發揮的機會？有見及此，兩位 80 後希望以創新的眾籌方式 (Crowd-Funding) ，成立一間心靈Café，聘請視障人仕，為他們制造更多的就業機會，讓他們有一個發揮的平台，更重要是能喚醒社會大眾對視障人仕平等的看待…..
假如你認同他們的理念，可到以下眾籌平台支持他們，期望大家能協助轉發，謝謝！
https://www.fringebacker.com/zh-tw/projects/cafe-des-lebens/
20
20
2次分享
讚好
回應
分享
0個回應
⁠
回應……
請按 Enter 鍵發佈。
"
247,Plan2Achieve,"
2015年12月3日
  ·
Michael Jordan 成功之道
""I've missed more than 9000 shots and lost almost 300 games in my career. I can accept failure but I can't accept not trying. That is why I succeed.""
我曾射失超過9000球及輸掉300場比賽。我可以接受失敗但不接受從不去嘗試。所以我能夠成功。
26
26
8次分享
讚好
回應
分享
0個回應
⁠
回應……
請按 Enter 鍵發佈。
"
248,Plan2Achieve,"
2015年12月3日
  ·
""Your work is going to fill a large part of your life, and the only way to be truly satisfied is to do what you believe is great work."" --Steve Jobs
成就一番偉業的唯一途徑就是熱愛自己的事業。
45
45
14次分享
讚好
回應
分享
0個回應
⁠
回應……
請按 Enter 鍵發佈。
"
249,Plan2Achieve,"
2015年12月2日
  ·
171
171
87次分享
讚好
回應
分享
0個回應
⁠
回應……
請按 Enter 鍵發佈。
"
250,Plan2Achieve,"
2015年12月1日
  ·
73
73
89次分享
讚好
回應
分享
0個回應
⁠
回應……
請按 Enter 鍵發佈。
"
251,Plan2Achieve,"來自 明報即時新聞
2015年12月1日
  ·
生存是人生的大命題。為了生存，兄姐們沒讀大學，畢業後就到工廠打工，家裏唯一能追夢的，是他；他幸運，因為家人和他一樣珍惜這個夢。大哥甚至為他安排一切：找球隊、和教練商量、支付比賽的交通費。現實嚴峻，自己落空了的足球夢，哥哥希望在弟弟身上實現。
NEWS.MINGPAO.COM
【專訪：港隊鐵血教練金判坤(1)】生於義士之城　為生存而奮鬥的足球路 - 體育
30
30
讚好
回應
分享
0個回應
⁠
回應……
請按 Enter 鍵發佈。
"
252,Plan2Achieve,"
2015年11月30日
  ·
51
51
1 個回應
10次分享
讚好
回應
分享
1 個回應
最相關
⁠
回應……
請按 Enter 鍵發佈。
New Ng
那不好的呢 ?
讚好
 · 回覆 · 5年
"
253,Plan2Achieve,"
2015年11月28日
  ·
「他們給你多少薪水，讓你放棄你的夢想？」
一成不變的生活不是自己的錯
錯的是自己讓生活一成不變
206
206
17個回應
260次分享
讚好
回應
分享
17個回應
最相關
⁠
回應……
請按 Enter 鍵發佈。
Phoebe Lewiste
Victoria Tay u know what movie is this?
讚好
 · 回覆 · 5年
5個回覆
檢視另6則回應
"
254,Plan2Achieve,"
2015年11月28日
  ·
208
208
2個回應
203次分享
讚好
回應
分享
2個回應
最相關
⁠
回應……
請按 Enter 鍵發佈。
Gma Wong
Yes we all have to learn
讚好
 · 回覆 · 5年
你選擇了「最相關」，因此系統可能已過濾掉部分回應。
"
255,Plan2Achieve,"
2015年11月26日
  ·
夢想成為機師?
大家已經知道，國泰航空(CX) 及 港龍航空(KA) 每年都有一個Cadet Pilot Interview見習機師”的面試給香港的學生申請。
但是，大家知不知道其實有『這二條隊』可以考入 Cadet Pilot的呢？
第二條隊是申請者已完成Commercial Pilot License (CPL)的學員，成功由CPL考入的學員，國泰只需培訓32個星期就可以，令航空公司節省不少培訓成本，因此受航空公司的歡迎，但由於香港擁有CPL的學員不多，而每年由CPL投考航空公司的學員人數又比較少，因此成功的機會率相對地較高，有志成想考入國泰航空的同學不可不知！⋯⋯ 查看更多
10
10
1 次分享
讚好
回應
分享
0個回應
⁠
回應……
請按 Enter 鍵發佈。"
256,Plan2Achieve,"
2015年11月30日
  ·
51
51
1 個回應
10次分享
讚好
回應
分享
1 個回應
最相關
⁠
回應……
請按 Enter 鍵發佈。
New Ng
那不好的呢 ?
讚好
 · 回覆 · 5年
"
257,Plan2Achieve,"
2015年11月28日
  ·
「他們給你多少薪水，讓你放棄你的夢想？」
一成不變的生活不是自己的錯
錯的是自己讓生活一成不變
206
206
17個回應
260次分享
讚好
回應
分享
17個回應
最相關
⁠
回應……
請按 Enter 鍵發佈。
Phoebe Lewiste
Victoria Tay u know what movie is this?
讚好
 · 回覆 · 5年
5個回覆
檢視另6則回應
"
258,Plan2Achieve,"
2015年11月28日
  ·
208
208
2個回應
203次分享
讚好
回應
分享
2個回應
最相關
⁠
回應……
請按 Enter 鍵發佈。
Gma Wong
Yes we all have to learn
讚好
 · 回覆 · 5年
你選擇了「最相關」，因此系統可能已過濾掉部分回應。
"
259,Plan2Achieve,"
2015年11月26日
  ·
夢想成為機師?
大家已經知道，國泰航空(CX) 及 港龍航空(KA) 每年都有一個Cadet Pilot Interview見習機師”的面試給香港的學生申請。
但是，大家知不知道其實有『這二條隊』可以考入 Cadet Pilot的呢？
第二條隊是申請者已完成Commercial Pilot License (CPL)的學員，成功由CPL考入的學員，國泰只需培訓32個星期就可以，令航空公司節省不少培訓成本，因此受航空公司的歡迎，但由於香港擁有CPL的學員不多，而每年由CPL投考航空公司的學員人數又比較少，因此成功的機會率相對地較高，有志成想考入國泰航空的同學不可不知！
有關Commercial Pilot License (CPL)的課程，為期48個星期，共150個飛行小時，全程於澳洲墨爾本世界級訓練機場進行，有興建的同學，可致電我們查詢，電話: 3421 0332。
10
10
1 次分享
讚好
回應
分享
0個回應
⁠
回應……
請按 Enter 鍵發佈。
"
260,Plan2Achieve,"
2015年11月26日
  ·
想了解內地調解的情況及發展?
及香港調解的情況?
主題：中國婚姻調解發展培訓免費簡介會
日期：2015年12月11日 (星期五)
時間：晚上7:30至9:30
地點：恩賢教育中心 (油麻地彌敦道518號彌敦行二樓全層) 
費用: 全免
登記: http://tinyurl.com/gymedias
DOCS.GOOGLE.COM
中國婚姻調解發展培訓免費簡介會
日期：2015年10月8日 (星期四) 時間：晚上7:30至9:30 地點：恩賢教育中心 (油麻地彌敦道518號彌敦行二樓全層)
10
10
讚好
回應
分享
0個回應
⁠
回應……
請按 Enter 鍵發佈。
"
261,Plan2Achieve,"
2015年11月25日
  ·
人生總有起跌，最重要問自己想要甚麼。
TOPICK.HKET.COM
首奪保齡球世界冠軍 胡兆康：希望打到50歲！ - 香港經濟日報 - TOPick - 新聞 - 社會
33
33
2個回應
8次分享
讚好
回應
分享
2個回應
最相關
⁠
回應……
請按 Enter 鍵發佈。
Kennie Chow
Proud of you. You are the winner.
讚好
 · 回覆 · 5年
查看另 1 則回應
"
262,Plan2Achieve,"
2015年11月24日
  ·
即使身體有殘疾，仍可以有能力去幫助別人。加油！
恩賢 GraceYard
2015年11月23日
  ·
一個靠輪椅出入的區選新人葉榮取得 2506 票，打敗立法會議員葛珮帆！ 可喜可賀！
THESTANDNEWS.COM
頌安選區居民好勁呀！ | Rosina | 立場新聞
一個靠輪椅出入，區選新人葉榮取得 2506 票，打敗民建聯星級女將、立法會議員葛珮帆！ 可喜可...
44
44
2個回應
讚好
回應
2個回應
最相關
⁠
回應……
請按 Enter 鍵發佈。
Kate Kaka
讚好
 · 回覆 · 5年
"
263,Plan2Achieve,"
2015年11月20日
  ·
你的生命有限，不要浪費時間活在別人的生命裏。不要被教條局限，那些教條只是別人思考的結果。不要讓別人意見的噪音淹沒自己內心的聲音。最重要的，是從心而為 - 你的心知道你真正想要的，其他都不重要。
93
93
2個回應
50次分享
讚好
回應
分享
2個回應
最相關
⁠
回應……
請按 Enter 鍵發佈。
Shuet Yee Wong Lok
absolutely correct.
讚好
 · 回覆 · 5年
"
264,Plan2Achieve,"
2015年11月20日
  ·
Do not , for one repulse, give up the purpose that you resolved to effect. - William Shakespeare
不要只因一次失敗，就放棄你原來決心想達到的目標。 - 沙士比亞
48
48
20次分享
讚好
回應
分享
1 個回應
⁠
回應……
請按 Enter 鍵發佈。
"
265,Plan2Achieve,"
2015年11月19日
  ·
過去無法重寫，但它卻讓我更加堅強。我要感謝每一個改變，每一次心碎，以及每一塊傷疤。
The past can't be rewritten, but it can make me stronger. I'll be thankful for every change, every heart break and every scar.
48
48
3個回應
15次分享
讚好
回應
分享
3個回應
最相關
⁠
回應……
請按 Enter 鍵發佈。
New Ng
Me too.
讚好
 · 回覆 · 5年
"
266,Plan2Achieve,"
2015年11月19日
  ·
香港賣眼鏡的店鋪不少，但真正落手落腳自己創立品牌的眼鏡店，卻不多。25歲的年輕女孩Emily，開店短短1年便創立自己的眼鏡品牌「Genic Eyewear」，如今品牌已經誕生3年。香港創業環境如此嚴酷，這個後生女如何做到？
ORANGENEWS.HK
【本地小店】無懼港人迷信大牌 25歲潮女店主的眼鏡夢
25歲的年輕女孩Emily，開店短短1年便創立自己的眼鏡品牌，如今品牌已經誕生3年。香港創業環境如此嚴酷，這位後生女如何做到？
34
34
讚好
回應
分享
1 個回應
⁠
回應……
請按 Enter 鍵發佈。"
267,Plan2Achieve,"
2015年11月24日
  ·
即使身體有殘疾，仍可以有能力去幫助別人。加油！
恩賢 GraceYard
2015年11月23日
  ·
一個靠輪椅出入的區選新人葉榮取得 2506 票，打敗立法會議員葛珮帆！ 可喜可賀！
THESTANDNEWS.COM
頌安選區居民好勁呀！ | Rosina | 立場新聞
一個靠輪椅出入，區選新人葉榮取得 2506 票，打敗民建聯星級女將、立法會議員葛珮帆！ 可喜可...
44
44
2個回應
讚好
回應
2個回應
最相關
⁠
回應……
請按 Enter 鍵發佈。
Kate Kaka
讚好
 · 回覆 · 5年
"
268,Plan2Achieve,"
2015年11月20日
  ·
你的生命有限，不要浪費時間活在別人的生命裏。不要被教條局限，那些教條只是別人思考的結果。不要讓別人意見的噪音淹沒自己內心的聲音。最重要的，是從心而為 - 你的心知道你真正想要的，其他都不重要。
93
93
2個回應
50次分享
讚好
回應
分享
2個回應
最相關
⁠
回應……
請按 Enter 鍵發佈。
Shuet Yee Wong Lok
absolutely correct.
讚好
 · 回覆 · 5年
"
269,Plan2Achieve,"
2015年11月20日
  ·
Do not , for one repulse, give up the purpose that you resolved to effect. - William Shakespeare
不要只因一次失敗，就放棄你原來決心想達到的目標。 - 沙士比亞
48
48
20次分享
讚好
回應
分享
1 個回應
⁠
回應……
請按 Enter 鍵發佈。
"
270,Plan2Achieve,"
2015年11月19日
  ·
過去無法重寫，但它卻讓我更加堅強。我要感謝每一個改變，每一次心碎，以及每一塊傷疤。
The past can't be rewritten, but it can make me stronger. I'll be thankful for every change, every heart break and every scar.
48
48
3個回應
15次分享
讚好
回應
分享
3個回應
最相關
⁠
回應……
請按 Enter 鍵發佈。
New Ng
Me too.
1
讚好
 · 回覆 · 5年
"
271,Plan2Achieve,"
2015年11月19日
  ·
香港賣眼鏡的店鋪不少，但真正落手落腳自己創立品牌的眼鏡店，卻不多。25歲的年輕女孩Emily，開店短短1年便創立自己的眼鏡品牌「Genic Eyewear」，如今品牌已經誕生3年。香港創業環境如此嚴酷，這個後生女如何做到？
ORANGENEWS.HK
【本地小店】無懼港人迷信大牌 25歲潮女店主的眼鏡夢
25歲的年輕女孩Emily，開店短短1年便創立自己的眼鏡品牌，如今品牌已經誕生3年。香港創業環境如此嚴酷，這位後生女如何做到？
34
34
讚好
回應
分享
1 個回應
⁠
回應……
請按 Enter 鍵發佈。
"
272,Plan2Achieve,"
2015年11月17日
  ·
66
66
6次分享
讚好
回應
分享
1 個回應
⁠
回應……
請按 Enter 鍵發佈。
"
273,Plan2Achieve,"
2015年11月16日
  ·
Be happy! 活得快樂！
151
151
3個回應
128次分享
讚好
回應
分享
3個回應
最相關
⁠
回應……
請按 Enter 鍵發佈。
Chilina Yeung
謝分享
1
讚好
 · 回覆 · 5年
"
274,Plan2Achieve,"
2015年11月16日
  ·
Sometimes the hardest choices we make end up being the best thing we could have ever done for ourselves.
有時候，我們做出的最艱難的決定，最終成為我們做過的最漂亮的事。
35
35
7次分享
讚好
回應
分享
1 個回應
⁠
回應……
請按 Enter 鍵發佈。
"
275,Plan2Achieve,"
2015年11月15日
  ·
91
91
5個回應
66次分享
讚好
回應
分享
5個回應
最相關
⁠
回應……
請按 Enter 鍵發佈。
New Ng
好极了!
讚好
 · 回覆 · 5年
"
276,Plan2Achieve,"
2015年11月14日
  ·
恩賢 GraceYard
2015年6月30日
  ·
認同的，請讚！
201
201
2個回應
讚好
回應
分享
2個回應
最相關
⁠
回應……
請按 Enter 鍵發佈。
New Ng
Powerful words.
讚好
 · 回覆 · 5年
查看另 1 則回應
"
277,Plan2Achieve,"
2015年11月14日
  ·
99
99
1 個回應
19次分享
讚好
回應
分享
1 個回應
最相關
⁠
回應……
請按 Enter 鍵發佈。
New Ng
对或正確的事要堅持, 难到不 对的事也要坚强当考验吗!
讚好
 · 回覆 · 5年"
